{"type":"FeatureCollection","features":[{"type":"Feature","properties":{"name":"Indonesia"},"geometry":{"type":"MultiPolygon","coordinates":[[[[117.703608,4.163415],[117.783572,4.157242],[117.907039,4.156683],[117.934825,4.059882],[117.838552,4.040188],[117.762706,4.100735],[117.703608,4.163415]]],[[[124.450531,-9.18019],[124.563243,-9.170831],[124.667979,-9.113051],[124.758067,-9.047947],[124.840343,-9.001072],[124.919281,-8.962091],[124.912974,-9.05278],[125.004442,-9.05557],[125.073016,-8.996452],[125.153993,-9.040791],[125.145002,-9.145177],[125.082577,-9.205535],[124.974469,-9.191893],[124.960155,-9.276022],[125.017878,-9.338964],[125.050931,-9.424697],[125.030772,-9.507501],[124.986583,-9.577325],[124.970714,-9.662367],[124.874766,-9.724705],[124.758474,-9.850763],[124.678477,-9.930108],[124.608084,-9.986749],[124.540782,-10.036554],[124.49936,-10.111993],[124.418468,-10.163832],[124.271983,-10.166192],[124.164806,-10.180597],[124.087413,-10.225681],[124.019786,-10.28102],[123.932791,-10.294854],[123.826345,-10.363946],[123.719086,-10.371759],[123.639659,-10.355076],[123.559418,-10.333754],[123.481619,-10.366143],[123.494965,-10.282159],[123.54713,-10.186782],[123.620372,-10.153009],[123.748546,-10.097752],[123.684337,-10.024998],[123.605642,-10.054295],[123.583751,-9.944024],[123.650157,-9.889418],[123.645763,-9.796808],[123.67156,-9.65016],[123.746918,-9.573989],[123.801117,-9.514418],[123.895763,-9.440525],[123.958669,-9.385512],[124.03004,-9.341974],[124.090286,-9.421543],[124.167232,-9.380615],[124.246865,-9.421543],[124.257511,-9.501228],[124.332338,-9.466605],[124.347893,-9.37462],[124.420911,-9.306924],[124.451504,-9.200574],[124.450531,-9.18019]]],[[[117.567149,4.159654],[117.373057,4.169745],[117.410411,4.09394],[117.479015,4.039374],[117.61378,3.957099],[117.689301,3.921454],[117.590668,3.926093],[117.652354,3.875149],[117.777192,3.79914],[117.817882,3.730048],[117.761078,3.643744],[117.650645,3.627875],[117.56837,3.655097],[117.508556,3.735907],[117.523448,3.650214],[117.430919,3.63467],[117.302257,3.633246],[117.219493,3.647366],[117.090505,3.645819],[117.169281,3.621039],[117.210297,3.528876],[117.290701,3.477037],[117.37436,3.448635],[117.448253,3.398505],[117.393728,3.326239],[117.359548,3.244289],[117.281586,3.263251],[117.352712,3.182807],[117.453949,3.17121],[117.52003,3.098456],[117.605805,3.093411],[117.575043,2.992865],[117.65561,2.997382],[117.543793,2.928941],[117.640147,2.908515],[117.736339,2.901597],[117.664317,2.864081],[117.714366,2.794094],[117.792003,2.742336],[117.800792,2.657172],[117.867035,2.572699],[117.979015,2.466539],[118.024099,2.382025],[118.095876,2.304145],[118.057791,2.219957],[117.975597,2.192084],[117.91505,2.106513],[117.826182,2.106513],[117.900401,2.049994],[117.791515,2.038275],[117.855642,1.983385],[117.85727,1.89765],[117.911876,1.836859],[117.994884,1.791693],[118.054698,1.733466],[118.12672,1.65469],[118.271251,1.56273],[118.352794,1.533596],[118.425059,1.485745],[118.453949,1.403225],[118.535981,1.370673],[118.675141,1.280422],[118.754161,1.22956],[118.797862,1.14997],[118.856944,1.058173],[118.985199,1.057563],[119.011729,0.976264],[118.956554,0.912665],[118.865001,0.868842],[118.798188,0.804918],[118.71754,0.828274],[118.583181,0.813666],[118.473481,0.838284],[118.391938,0.807603],[118.316905,0.858832],[118.187836,0.87523],[118.09669,0.908637],[118.028494,0.984524],[117.989513,1.078599],[117.924001,1.124986],[117.933604,1.038764],[117.979747,0.966213],[118.014171,0.888129],[118.03297,0.800238],[117.955414,0.825426],[117.850352,0.824286],[117.743175,0.740546],[117.724864,0.652655],[117.679047,0.574693],[117.620372,0.502021],[117.607677,0.417182],[117.553722,0.349514],[117.515961,0.275295],[117.490977,0.189887],[117.469981,0.108791],[117.500011,0.033026],[117.512869,-0.059137],[117.469493,-0.128839],[117.435069,-0.239679],[117.47462,-0.330255],[117.46754,-0.411554],[117.452159,-0.501723],[117.595958,-0.422621],[117.554535,-0.502699],[117.593516,-0.57464],[117.559906,-0.658298],[117.48585,-0.692804],[117.575043,-0.727309],[117.544607,-0.808852],[117.458181,-0.820489],[117.379242,-0.839288],[117.301117,-0.816013],[117.256521,-0.88421],[117.195079,-0.949151],[117.065196,-1.12184],[117.023692,-1.202895],[116.851817,-1.264418],[116.817638,-1.189386],[116.746349,-1.110528],[116.756847,-1.023696],[116.715343,-1.12477],[116.74936,-1.202895],[116.766612,-1.287693],[116.739757,-1.374282],[116.609711,-1.420587],[116.539236,-1.481215],[116.561209,-1.563735],[116.517833,-1.634373],[116.429942,-1.659356],[116.345714,-1.695977],[116.271983,-1.749282],[116.35141,-1.772149],[116.441661,-1.776056],[116.451834,-1.883966],[116.463145,-2.019952],[116.358897,-2.093683],[116.292003,-2.150974],[116.386241,-2.152276],[116.500662,-2.169692],[116.583263,-2.187677],[116.572927,-2.362807],[116.54005,-2.512872],[116.444591,-2.498305],[116.333263,-2.511163],[116.296886,-2.608168],[116.366222,-2.556736],[116.365733,-2.652602],[116.369965,-2.823907],[116.334239,-2.925551],[116.263357,-3.005466],[116.21461,-2.938653],[116.15919,-2.867446],[116.122813,-2.953871],[116.167328,-3.030694],[116.254893,-3.108657],[116.180186,-3.16131],[116.181326,-3.255955],[116.100271,-3.264907],[116.023448,-3.411798],[115.999766,-3.540134],[115.948904,-3.61419],[115.858165,-3.620212],[115.7588,-3.696954],[115.583344,-3.780532],[115.31365,-3.883071],[115.060313,-3.985772],[114.875987,-4.070977],[114.712901,-4.170831],[114.624766,-4.170505],[114.610606,-4.0888],[114.611339,-3.926365],[114.611095,-3.683852],[114.536876,-3.563409],[114.523936,-3.475844],[114.550304,-3.348077],[114.488292,-3.488377],[114.367931,-3.458591],[114.288829,-3.424493],[114.323741,-3.27988],[114.248057,-3.360284],[114.153168,-3.378351],[114.104015,-3.313897],[114.122569,-3.216078],[114.080333,-3.291274],[113.980642,-3.385024],[113.885509,-3.430597],[113.713145,-3.472589],[113.632498,-3.456801],[113.637543,-3.341729],[113.6421,-3.255955],[113.611501,-3.174249],[113.508067,-3.170017],[113.439708,-3.238458],[113.352794,-3.249282],[113.315929,-3.168064],[113.345225,-3.246515],[113.254649,-3.186944],[113.209972,-3.103774],[113.128266,-3.054946],[113.035167,-2.922947],[113.031505,-3.008884],[112.96339,-3.069024],[112.979828,-3.149509],[112.66977,-3.388604],[112.581554,-3.415948],[112.390473,-3.339939],[112.302745,-3.313897],[112.202891,-3.329522],[112.116873,-3.382257],[111.973155,-3.525567],[111.905284,-3.572035],[111.822032,-3.545099],[111.835297,-3.447686],[111.842784,-3.361749],[111.814952,-3.190362],[111.83253,-3.061619],[111.760265,-2.907647],[111.75408,-2.823907],[111.75408,-2.738539],[111.712657,-2.835056],[111.675466,-2.911065],[111.584321,-3.008884],[111.514415,-2.9638],[111.363048,-2.922947],[111.060802,-3.06113],[110.942393,-3.091485],[110.823741,-3.037205],[110.804373,-2.95908],[110.956065,-2.900079],[110.830089,-2.93377],[110.697927,-3.062677],[110.636729,-2.994887],[110.616954,-2.909845],[110.508067,-2.874607],[110.404063,-2.920505],[110.301036,-2.997979],[110.223643,-2.930352],[110.237559,-2.846938],[110.22755,-2.741957],[110.211681,-2.652602],[110.184337,-2.577244],[110.264903,-2.556573],[110.159923,-2.436456],[110.14088,-2.289727],[110.094981,-2.215509],[110.119884,-2.112074],[110.123546,-2.025486],[110.09254,-1.94964],[109.987559,-1.884698],[109.903819,-1.826104],[109.968028,-1.743422],[110.033946,-1.646173],[110.041759,-1.559828],[110.068533,-1.43255],[110.061371,-1.346368],[110.01002,-1.278009],[109.929861,-1.22324],[109.93686,-1.127618],[109.85906,-1.085056],[109.785655,-1.032973],[109.734141,-0.954034],[109.765147,-0.874282],[109.714122,-0.947361],[109.629893,-0.951918],[109.559825,-0.877374],[109.438243,-0.845636],[109.390798,-0.911879],[109.283865,-0.863214],[109.245291,-0.695896],[109.383067,-0.695896],[109.455821,-0.73211],[109.412934,-0.663995],[109.374522,-0.587335],[109.277599,-0.586196],[109.19752,-0.551853],[109.123302,-0.499688],[109.102794,-0.409926],[109.103201,-0.314142],[109.046235,-0.245864],[109.118663,-0.203058],[109.201671,-0.222752],[109.190603,-0.137302],[109.179698,-0.055475],[109.160981,0.033922],[109.300466,0.010484],[109.176931,0.107611],[109.102306,0.243109],[109.033214,0.293362],[108.953136,0.301744],[108.931163,0.379788],[108.938487,0.465155],[108.928233,0.563666],[108.917247,0.661078],[108.889659,0.75373],[108.855479,0.832221],[108.926036,0.875963],[108.980805,0.956041],[108.927013,1.140448],[108.992686,1.187893],[109.108165,1.228705],[109.215668,1.335435],[109.266368,1.401435],[109.188243,1.349189],[109.144705,1.274156],[109.066173,1.22956],[108.98585,1.215806],[109.040375,1.318915],[109.060802,1.49901],[109.252696,1.668362],[109.303396,1.752631],[109.32838,1.832831],[109.340994,1.935533],[109.424083,1.955715],[109.561209,1.990465],[109.63502,2.074042],[109.600266,1.983136],[109.537944,1.917714],[109.539804,1.826556],[109.624037,1.787773],[109.640573,1.683025],[109.65804,1.59719],[109.766354,1.496473],[109.825472,1.417563],[109.920246,1.394774],[109.951769,1.319662],[110.03073,1.253568],[110.093466,1.191608],[110.18514,1.154194],[110.256556,1.039059],[110.351641,0.986504],[110.422644,0.909455],[110.50636,0.857313],[110.596071,0.871111],[110.693016,0.894675],[110.776731,0.903253],[110.852696,0.997201],[110.973412,1.017717],[111.197584,1.075233],[111.351787,1.013893],[111.454519,1.022626],[111.503199,0.958444],[111.622675,1.030274],[111.734192,1.001439],[111.823076,1.008467],[111.910099,1.114042],[112.054069,1.133627],[112.152668,1.306278],[112.187395,1.379659],[112.295192,1.503811],[112.380975,1.517712],[112.470478,1.567657],[112.768858,1.552232],[112.854951,1.582721],[112.95603,1.572334],[113.024346,1.514379],[112.961198,1.434384],[113.050598,1.434797],[113.158602,1.388159],[113.27601,1.368884],[113.397553,1.293927],[113.482303,1.308707],[113.596508,1.241631],[113.808174,1.339713],[113.868222,1.415496],[114.053947,1.465054],[114.141074,1.445262],[114.355738,1.501951],[114.500638,1.436037],[114.567714,1.490918],[114.609676,1.581636],[114.669,1.694006],[114.678922,1.794362],[114.763051,1.868698],[114.833641,1.921357],[114.845114,2.009749],[114.770286,2.058222],[114.752096,2.153513],[114.778761,2.247202],[114.886455,2.275159],[114.922215,2.353914],[115.034766,2.406418],[115.105046,2.46569],[115.192689,2.490547],[115.17698,2.574159],[115.082515,2.594365],[115.068769,2.681543],[115.104633,2.761486],[115.091197,2.848148],[115.139049,2.928453],[115.207985,2.980698],[115.309995,2.985917],[115.406836,3.019507],[115.475979,3.093042],[115.514427,3.164769],[115.517631,3.357161],[115.567137,3.423849],[115.572718,3.504154],[115.548533,3.605285],[115.550497,3.708224],[115.589358,3.824522],[115.538301,3.897825],[115.609511,3.996915],[115.633283,4.12856],[115.689817,4.199977],[115.770742,4.225609],[115.821901,4.311237],[115.844122,4.389216],[115.940964,4.344361],[116.004009,4.276691],[116.081214,4.325474],[116.170097,4.369915],[116.257224,4.364153],[116.337529,4.357229],[116.391066,4.294674],[116.485944,4.316921],[116.522221,4.396787],[116.576894,4.332011],[116.661127,4.334388],[116.766133,4.338574],[116.883025,4.344904],[116.98059,4.329556],[117.164662,4.333147],[117.27556,4.300979],[117.356588,4.259509],[117.412915,4.200081],[117.498388,4.172615],[117.567149,4.159654]]],[[[140.974457,-2.600518],[140.973906,-2.807321],[140.973286,-3.002451],[140.972356,-3.250602],[140.973183,-3.581744],[140.973545,-3.800025],[140.974216,-4.002287],[140.974733,-4.173646],[140.975767,-4.595946],[140.976232,-4.773713],[140.976871,-4.988486],[140.976904,-5.197408],[140.976904,-5.322878],[140.976904,-5.621154],[140.976904,-5.806466],[140.976904,-6.002113],[140.976904,-6.229386],[140.976904,-6.335116],[140.950187,-6.418935],[140.943469,-6.507509],[140.896495,-6.573034],[140.865799,-6.649205],[140.878718,-6.742223],[140.906727,-6.828213],[140.962176,-6.897976],[140.977007,-7.004739],[140.977007,-7.157081],[140.976904,-7.282758],[140.976904,-7.587546],[140.976904,-7.772858],[140.976904,-7.962097],[140.977007,-8.170146],[140.977317,-8.434936],[140.977627,-8.611153],[140.977524,-8.798222],[140.977162,-8.991078],[140.97698,-9.106134],[140.856944,-9.049086],[140.621593,-8.806736],[140.507498,-8.638116],[140.4463,-8.577569],[140.378103,-8.522231],[140.301443,-8.467462],[140.031912,-8.246352],[139.973643,-8.165216],[140.021495,-8.089532],[140.056814,-7.996189],[140.128673,-7.93613],[140.045665,-7.980157],[140.015391,-8.073663],[139.932384,-8.108575],[139.768809,-8.110447],[139.630544,-8.124933],[139.546641,-8.166192],[139.435313,-8.196954],[139.319509,-8.190199],[139.240001,-8.11061],[139.245128,-8.015069],[139.201182,-8.095636],[139.122732,-8.117446],[138.973318,-8.229913],[138.921072,-8.294854],[138.876475,-8.218683],[138.838552,-8.13836],[138.921235,-8.079522],[138.910981,-7.92254],[138.993988,-7.865492],[139.007172,-7.754327],[139.045095,-7.675226],[139.089203,-7.596775],[139.035899,-7.515232],[138.944347,-7.497003],[138.886078,-7.360935],[138.766612,-7.265395],[138.691254,-7.233575],[138.904552,-7.199395],[138.990977,-7.236017],[139.157074,-7.243097],[139.21461,-7.166925],[139.103526,-7.206231],[139.019379,-7.194431],[138.946137,-7.157159],[138.858084,-7.149591],[138.761974,-7.113865],[138.646169,-6.999688],[138.572032,-6.942478],[138.654063,-6.876642],[138.739757,-6.897149],[138.8838,-6.849379],[138.969737,-6.856215],[139.037934,-6.918227],[139.117931,-6.968194],[138.999766,-6.852716],[138.923676,-6.825779],[138.837901,-6.814548],[138.768403,-6.756606],[138.683442,-6.714532],[138.763194,-6.67018],[138.677582,-6.60296],[138.619395,-6.534763],[138.466075,-6.402114],[138.421153,-6.318536],[138.390391,-6.233657],[138.372081,-6.124282],[138.339122,-6.042576],[138.276378,-5.946222],[138.30421,-5.868259],[138.403982,-5.835707],[138.322032,-5.851007],[138.208751,-5.825291],[138.251964,-5.718927],[138.362966,-5.678806],[138.277354,-5.678806],[138.171886,-5.716974],[138.085785,-5.739923],[138.057384,-5.65781],[138.059825,-5.575291],[138.06422,-5.489435],[138.061371,-5.403741],[138.025645,-5.484959],[137.958995,-5.431085],[137.908458,-5.363051],[137.821788,-5.362888],[137.801524,-5.27044],[137.715587,-5.256524],[137.646983,-5.211847],[137.574229,-5.167087],[137.492198,-5.123224],[137.403575,-5.097589],[137.363048,-5.026462],[137.276541,-5.020196],[137.282563,-4.939711],[137.219005,-5.01336],[137.149669,-4.945082],[137.04184,-4.943048],[136.953868,-4.922784],[136.85377,-4.928155],[136.786388,-4.876153],[136.695811,-4.846856],[136.537852,-4.773614],[136.463715,-4.736017],[136.375662,-4.68377],[136.267345,-4.676202],[136.177013,-4.649591],[136.094737,-4.603123],[136.01588,-4.571466],[135.95045,-4.50628],[135.828949,-4.49863],[135.72462,-4.495294],[135.614268,-4.474705],[135.466563,-4.446059],[135.359141,-4.443617],[135.271983,-4.458429],[135.185557,-4.448907],[134.959158,-4.318617],[134.881847,-4.256117],[134.792247,-4.238702],[134.725841,-4.150079],[134.648204,-4.118748],[134.696544,-4.053155],[134.67921,-3.960707],[134.782237,-3.949151],[134.864431,-3.95322],[134.947032,-3.96502],[134.844574,-3.930108],[134.692231,-3.914809],[134.620291,-3.954685],[134.532563,-4.022068],[134.463878,-3.978692],[134.416759,-3.904555],[134.333507,-3.868829],[134.306163,-3.944513],[134.211192,-3.955336],[134.159679,-3.892755],[134.173106,-3.787856],[134.091807,-3.823989],[133.99936,-3.846287],[133.913341,-3.729425],[133.852712,-3.653904],[133.76295,-3.660252],[133.698416,-3.590265],[133.648204,-3.50506],[133.696788,-3.427423],[133.68336,-3.304946],[133.690929,-3.216078],[133.771169,-3.17547],[133.846446,-3.087091],[133.929454,-3.114679],[133.870372,-3.055108],[133.881602,-2.9638],[133.809093,-3.010186],[133.734141,-3.052667],[133.668224,-3.122166],[133.663341,-3.361505],[133.558849,-3.433282],[133.59018,-3.522231],[133.559255,-3.596449],[133.408865,-3.722426],[133.440196,-3.827569],[133.388194,-3.923435],[133.269379,-4.052016],[133.16391,-4.076267],[133.079112,-4.060642],[133.007498,-4.104669],[132.918142,-4.091078],[132.859386,-4.016534],[132.805675,-3.949965],[132.802094,-3.858168],[132.730968,-3.682306],[132.79713,-3.634047],[132.881114,-3.642836],[132.927501,-3.56113],[132.88087,-3.475356],[132.812755,-3.389744],[132.819021,-3.303643],[132.740733,-3.276544],[132.671153,-3.328546],[132.603038,-3.241876],[132.572602,-3.142185],[132.514659,-3.078058],[132.365733,-2.985284],[132.27768,-2.936619],[132.188324,-2.916681],[132.106456,-2.936619],[131.996918,-2.914809],[132.022472,-2.829034],[132.06544,-2.744806],[132.155772,-2.733494],[132.311778,-2.676446],[132.415538,-2.696954],[132.506358,-2.698012],[132.585704,-2.717462],[132.679047,-2.80169],[132.763682,-2.78631],[132.835297,-2.736017],[132.903005,-2.645929],[132.949392,-2.580255],[133.008311,-2.514418],[133.112153,-2.442804],[133.1963,-2.429457],[133.312348,-2.443048],[133.368988,-2.502537],[133.388357,-2.652276],[133.410981,-2.566502],[133.456554,-2.498305],[133.461192,-2.59531],[133.485037,-2.516534],[133.518728,-2.589614],[133.595225,-2.545668],[133.67335,-2.574802],[133.671886,-2.659438],[133.709727,-2.577244],[133.799083,-2.642348],[133.827891,-2.5499],[133.801768,-2.47031],[133.893321,-2.465997],[133.9546,-2.409112],[133.963552,-2.32643],[133.867361,-2.341241],[133.949962,-2.292901],[133.949962,-2.203546],[133.874197,-2.281671],[133.795665,-2.265558],[133.863048,-2.21795],[133.949962,-2.169366],[133.899099,-2.106378],[133.824474,-2.14544],[133.726085,-2.170505],[133.65447,-2.227716],[133.564626,-2.237888],[133.476085,-2.231541],[133.388194,-2.217218],[133.305512,-2.214044],[133.192149,-2.214288],[133.112315,-2.242934],[133.020193,-2.255792],[132.943614,-2.28338],[132.839529,-2.249119],[132.698741,-2.305352],[132.62672,-2.256443],[132.560395,-2.185642],[132.455333,-2.217218],[132.384939,-2.256524],[132.280528,-2.24977],[132.236176,-2.183038],[132.073416,-2.105157],[132.090587,-2.015558],[132.003429,-1.983819],[131.964692,-1.908868],[131.938243,-1.828302],[131.989757,-1.744806],[131.917491,-1.707289],[131.893565,-1.611017],[131.976329,-1.548598],[131.879893,-1.5735],[131.804861,-1.607599],[131.811046,-1.52044],[131.750173,-1.5735],[131.685069,-1.514907],[131.588715,-1.487563],[131.507823,-1.471938],[131.427501,-1.497735],[131.395356,-1.413751],[131.27711,-1.374282],[131.334972,-1.439386],[131.257335,-1.497735],[131.177501,-1.477309],[131.086436,-1.451267],[131.003591,-1.456231],[131.004405,-1.372328],[131.027599,-1.284112],[131.155284,-1.224542],[131.231619,-1.126072],[131.253673,-1.027602],[131.271495,-0.949395],[131.235362,-0.846449],[131.332205,-0.792739],[131.426768,-0.759454],[131.50294,-0.733331],[131.578868,-0.761],[131.779552,-0.719171],[131.863455,-0.69199],[131.951915,-0.5888],[132.056,-0.534275],[132.15089,-0.435724],[132.237153,-0.401544],[132.396658,-0.353448],[132.67921,-0.36891],[132.905284,-0.45322],[132.999685,-0.48089],[133.089854,-0.510919],[133.28891,-0.628513],[133.37908,-0.717706],[133.55836,-0.743748],[133.656098,-0.747003],[133.745372,-0.750746],[133.829845,-0.743748],[133.948416,-0.731541],[134.056407,-0.79518],[134.125336,-0.8388],[134.068126,-0.907403],[134.077973,-1.045587],[134.127452,-1.14837],[134.192882,-1.202895],[134.267426,-1.330255],[134.239106,-1.416274],[134.221446,-1.544041],[134.154307,-1.628351],[134.087087,-1.682794],[134.144867,-1.939142],[134.148611,-2.025486],[134.11964,-2.113865],[134.149669,-2.194594],[134.168956,-2.279229],[134.18572,-2.361912],[134.259125,-2.440525],[134.319347,-2.505304],[134.363617,-2.617852],[134.401703,-2.744806],[134.463878,-2.854669],[134.519054,-2.778904],[134.500255,-2.696954],[134.473969,-2.606541],[134.496349,-2.517836],[134.556326,-2.464776],[134.638438,-2.511163],[134.66684,-2.825616],[134.701345,-2.958673],[134.82781,-2.913751],[134.851817,-3.003676],[134.826345,-3.083917],[134.861176,-3.162693],[134.880626,-3.242934],[134.964122,-3.238214],[134.984711,-3.329685],[135.069102,-3.338556],[135.275645,-3.368585],[135.362315,-3.386163],[135.47047,-3.363051],[135.56365,-3.289727],[135.601573,-3.204034],[135.719005,-3.148614],[135.747406,-3.070001],[135.84311,-3.011977],[135.926524,-2.965916],[135.926768,-2.878839],[135.96461,-2.775811],[136.023204,-2.707696],[136.108653,-2.662774],[136.197439,-2.624444],[136.266368,-2.560317],[136.288748,-2.450128],[136.344086,-2.368259],[136.34197,-2.28338],[136.403819,-2.219659],[136.492931,-2.207127],[136.594737,-2.237563],[136.68393,-2.258722],[136.765473,-2.241632],[136.867198,-2.188165],[136.945811,-2.152276],[137.024099,-2.118422],[137.154307,-2.111505],[137.226329,-2.074395],[137.194591,-1.998142],[137.101736,-1.888279],[137.115408,-1.80934],[137.348806,-1.710138],[137.464854,-1.641778],[137.532481,-1.597752],[137.794444,-1.484145],[137.883149,-1.470473],[137.955577,-1.518243],[138.057628,-1.599054],[138.229177,-1.649102],[138.3567,-1.710138],[138.527517,-1.758477],[138.61964,-1.77809],[138.735199,-1.843927],[138.803233,-1.920831],[138.928071,-1.957127],[139.1067,-2.012791],[139.283214,-2.12184],[139.384044,-2.155694],[139.468761,-2.195082],[139.678233,-2.292901],[139.780772,-2.354669],[139.864757,-2.372003],[140.059337,-2.354262],[140.14503,-2.341241],[140.210216,-2.402114],[140.288341,-2.431085],[140.371267,-2.448663],[140.483165,-2.432224],[140.607595,-2.439386],[140.730805,-2.491469],[140.698578,-2.608168],[140.785492,-2.62127],[140.92213,-2.608168],[140.974457,-2.600518]]],[[[113.395193,-8.447035],[113.292491,-8.494806],[113.395193,-8.447035]]],[[[123.146251,-8.425958],[123.037852,-8.491876],[122.955251,-8.585626],[122.910411,-8.514744],[122.999848,-8.448663],[123.085785,-8.438572],[123.146251,-8.425958]]],[[[128.231212,-8.251235],[128.151622,-8.284601],[128.097992,-8.220961],[128.192719,-8.200942],[128.231212,-8.251235]]],[[[129.029633,-8.206801],[128.949229,-8.236017],[128.852306,-8.222914],[128.985362,-8.185724],[129.029633,-8.206801]]],[[[127.741873,-8.158949],[127.689138,-8.237888],[127.604015,-8.206801],[127.682953,-8.155206],[127.741873,-8.158949]]],[[[117.664317,-8.148126],[117.620616,-8.253595],[117.56658,-8.363946],[117.484874,-8.350193],[117.499766,-8.265232],[117.486827,-8.182875],[117.563487,-8.145196],[117.664317,-8.148126]]],[[[127.216319,-8.026951],[127.224946,-8.108575],[127.15561,-8.048435],[127.216319,-8.026951]]],[[[131.104991,-7.629002],[131.035899,-7.687595],[131.104991,-7.629002]]],[[[130.968598,-7.534601],[130.856619,-7.54697],[130.933604,-7.517836],[130.968598,-7.534601]]],[[[131.174815,-7.404229],[131.116466,-7.471856],[131.024587,-7.485284],[131.124766,-7.410414],[131.174815,-7.404229]]],[[[131.283946,-7.329767],[131.283946,-7.329767]]],[[[120.96046,-7.281996],[121.049978,-7.285821],[120.977387,-7.326349],[120.900401,-7.303888],[120.816254,-7.302423],[120.96046,-7.281996]]],[[[120.757823,-7.075942],[120.68336,-7.124282],[120.598422,-7.098034],[120.621256,-6.998245],[120.730235,-7.067153],[120.757823,-7.075942]]],[[[138.753429,-6.778253],[138.746593,-6.863051],[138.672862,-6.810154],[138.616954,-6.748142],[138.731212,-6.763116],[138.753429,-6.778253]]],[[[131.597423,-6.679132],[131.591319,-6.767673],[131.597423,-6.679132]]],[[[134.707367,-6.589044],[134.722179,-6.682794],[134.676036,-6.757501],[134.665782,-6.650486],[134.707367,-6.589044]]],[[[134.607758,-6.421482],[134.565684,-6.491388],[134.486583,-6.45436],[134.417735,-6.406427],[134.347179,-6.359633],[134.406423,-6.299574],[134.494965,-6.313897],[134.563162,-6.369561],[134.607758,-6.421482]]],[[[134.840587,-6.287693],[134.861095,-6.390069],[134.826345,-6.47324],[134.799001,-6.370538],[134.835623,-6.296563],[134.840587,-6.287693]]],[[[134.37794,-6.254083],[134.347179,-6.329278],[134.277599,-6.275079],[134.217947,-6.207615],[134.186046,-6.133966],[134.114919,-6.076837],[134.155284,-6.006524],[134.23585,-6.062677],[134.242524,-6.14422],[134.333263,-6.234552],[134.37794,-6.254083]]],[[[109.906016,-7.83766],[109.811778,-7.823419],[109.656749,-7.781671],[109.486095,-7.761814],[109.401703,-7.752618],[109.197234,-7.696217],[109.098146,-7.686861],[109.021251,-7.732029],[108.938975,-7.699477],[108.881602,-7.632501],[108.799001,-7.664727],[108.713878,-7.665704],[108.651741,-7.716271],[108.559418,-7.687433],[108.503834,-7.764224],[108.326829,-7.817471],[108.13791,-7.786661],[107.953531,-7.739873],[107.864534,-7.74513],[107.806739,-7.686676],[107.714397,-7.671659],[107.625469,-7.59822],[107.528514,-7.548963],[107.452079,-7.512537],[107.361531,-7.503713],[107.246326,-7.489654],[107.145586,-7.46712],[106.871417,-7.437711],[106.791022,-7.435331],[106.607921,-7.417901],[106.522662,-7.410957],[106.43393,-7.361993],[106.383149,-7.267673],[106.414887,-7.187677],[106.474376,-7.128106],[106.540504,-7.054612],[106.510804,-6.963799],[106.42387,-6.963221],[106.333018,-7.000746],[106.254242,-6.964288],[106.168371,-6.915809],[106.052985,-6.836806],[105.959573,-6.817628],[105.88438,-6.847673],[105.792418,-6.845744],[105.702891,-6.835707],[105.596532,-6.849073],[105.49846,-6.860727],[105.415538,-6.852797],[105.310784,-6.810354],[105.222179,-6.778497],[105.319347,-6.719659],[105.389822,-6.68141],[105.435395,-6.778253],[105.517263,-6.744236],[105.607432,-6.651462],[105.618974,-6.532505],[105.67779,-6.474924],[105.739085,-6.530149],[105.808534,-6.477216],[105.832367,-6.228692],[105.867198,-6.110121],[105.957042,-5.998712],[105.997244,-5.917739],[106.085216,-5.885512],[106.111583,-5.975193],[106.209483,-5.998305],[106.298839,-5.945001],[106.384939,-6.000258],[106.470063,-6.034356],[106.549327,-6.006524],[106.662934,-6.007989],[106.731049,-6.058852],[106.837738,-6.102716],[106.988292,-6.07936],[107.004568,-5.988214],[107.044444,-5.914321],[107.125743,-5.948907],[107.205333,-5.977309],[107.320647,-5.962416],[107.413078,-6.063174],[107.470268,-6.145432],[107.563179,-6.184247],[107.655222,-6.225378],[107.7449,-6.223092],[107.826263,-6.18513],[107.895624,-6.231025],[107.990471,-6.281092],[108.07407,-6.318379],[108.15845,-6.31161],[108.198481,-6.240505],[108.310882,-6.248956],[108.372227,-6.340353],[108.455414,-6.442071],[108.539561,-6.486912],[108.574555,-6.66961],[108.605479,-6.761651],[108.705333,-6.795994],[108.792247,-6.81113],[108.87615,-6.804864],[108.944835,-6.849379],[109.001313,-6.789158],[109.092052,-6.831476],[109.176931,-6.856215],[109.351899,-6.875665],[109.438243,-6.860121],[109.492931,-6.801528],[109.725597,-6.863051],[109.896332,-6.918227],[109.983897,-6.922621],[110.114268,-6.903904],[110.188324,-6.860284],[110.2588,-6.920994],[110.334646,-6.961358],[110.41505,-6.957452],[110.527029,-6.895196],[110.644705,-6.688165],[110.663259,-6.606052],[110.681895,-6.521905],[110.730479,-6.456964],[110.808116,-6.431736],[110.903168,-6.410821],[110.992198,-6.432306],[111.06544,-6.509373],[111.119314,-6.649672],[111.34254,-6.712823],[111.428722,-6.699151],[111.493419,-6.623468],[111.576996,-6.650974],[111.654633,-6.716241],[111.716807,-6.770685],[111.807302,-6.799493],[111.904307,-6.801528],[112.009939,-6.818617],[112.067882,-6.89365],[112.150645,-6.910089],[112.237071,-6.890883],[112.339692,-6.873142],[112.422374,-6.878839],[112.500743,-6.910821],[112.568126,-6.865411],[112.586681,-6.96559],[112.618012,-7.041192],[112.632823,-7.123793],[112.678966,-7.192641],[112.76824,-7.199395],[112.823253,-7.262628],[112.816173,-7.346938],[112.77003,-7.432712],[112.761485,-7.531183],[112.8449,-7.592869],[112.972016,-7.647638],[113.056,-7.663018],[113.13266,-7.727797],[113.229747,-7.740818],[113.299327,-7.788507],[113.377778,-7.754327],[113.456879,-7.726332],[113.658946,-7.720147],[113.763031,-7.722833],[113.837169,-7.68613],[113.930512,-7.683852],[114.016124,-7.618097],[114.116954,-7.680597],[114.195974,-7.714125],[114.310069,-7.740655],[114.388927,-7.758071],[114.460216,-7.809666],[114.460216,-7.894952],[114.446788,-8.014255],[114.404796,-8.15838],[114.365977,-8.357192],[114.371593,-8.45322],[114.426117,-8.562433],[114.478038,-8.624607],[114.589122,-8.664239],[114.624766,-8.740655],[114.467621,-8.748142],[114.366954,-8.741469],[114.34962,-8.632501],[114.261729,-8.610935],[114.174815,-8.619806],[114.0949,-8.637872],[114.01238,-8.60947],[113.933767,-8.574477],[113.85377,-8.555108],[113.790782,-8.503025],[113.707286,-8.492364],[113.62794,-8.45322],[113.540863,-8.430597],[113.472423,-8.382094],[113.345958,-8.324151],[113.240733,-8.280938],[113.070079,-8.292413],[112.987315,-8.3235],[112.90268,-8.403985],[112.817882,-8.39658],[112.733165,-8.417657],[112.612153,-8.416436],[112.520681,-8.391778],[112.426524,-8.387628],[112.341563,-8.332696],[112.257823,-8.343357],[112.02475,-8.304946],[111.936209,-8.294854],[111.859874,-8.268813],[111.771007,-8.281508],[111.702485,-8.327407],[111.612559,-8.337009],[111.532888,-8.326593],[111.448741,-8.312921],[111.372406,-8.264418],[111.28419,-8.251235],[111.171235,-8.282647],[111.111176,-8.229181],[111.017345,-8.254653],[110.931,-8.220473],[110.847911,-8.201104],[110.715343,-8.193129],[110.639415,-8.162774],[110.549083,-8.127618],[110.410899,-8.07586],[110.32838,-8.021173],[110.03419,-7.884698],[109.931895,-7.854913],[109.906016,-7.83766]]],[[[124.065196,-5.962498],[123.982595,-5.955255],[123.979177,-5.869887],[124.046397,-5.925714],[124.065196,-5.962498]]],[[[132.797374,-5.609063],[132.784923,-5.527276],[132.797374,-5.609063]]],[[[132.318614,-5.513604],[132.318614,-5.513604]]],[[[123.77711,-5.513604],[123.814708,-5.595636],[123.753184,-5.534112],[123.691173,-5.472752],[123.77711,-5.513604]]],[[[123.539724,-5.245538],[123.62379,-5.266534],[123.6338,-5.366876],[123.52296,-5.277439],[123.539724,-5.245538]]],[[[129.927257,-4.53045],[129.927257,-4.53045]]],[[[127.23463,-3.821059],[127.241368,-3.910817],[127.1605,-3.899031],[127.165212,-3.814142],[127.23463,-3.821059]]],[[[122.3213,-3.511895],[122.3213,-3.511895]]],[[[132.70281,-3.453302],[132.620291,-3.423761],[132.70281,-3.453302]]],[[[122.439626,-3.419041],[122.439626,-3.419041]]],[[[127.615489,-3.307387],[127.519705,-3.330255],[127.563975,-3.255792],[127.615489,-3.307387]]],[[[127.772227,-3.16253],[127.778494,-3.244236],[127.67921,-3.251642],[127.706309,-3.156345],[127.772227,-3.16253]]],[[[127.954112,-2.916681],[127.950938,-3.010919],[127.83839,-3.033298],[127.888927,-2.967218],[127.954112,-2.916681]]],[[[123.87672,-2.018487],[123.87672,-2.018487]]],[[[124.348888,-1.959568],[124.370291,-2.038995],[124.300629,-1.987481],[124.348888,-1.959568]]],[[[123.656993,-1.909356],[123.656993,-1.909356]]],[[[123.738048,-1.907892],[123.738048,-1.907892]]],[[[108.677257,-1.7138],[108.757091,-1.695408],[108.677257,-1.7138]]],[[[127.371104,-1.367446],[127.316661,-1.436293],[127.330251,-1.353774],[127.371104,-1.367446]]],[[[109.170177,-1.257582],[109.100759,-1.300551],[109.170177,-1.257582]]],[[[109.254649,-1.169366],[109.254649,-1.169366]]],[[[104.479991,-0.271254],[104.406505,-0.311782],[104.479991,-0.271254]]],[[[102.839122,0.290961],[102.91391,0.320258],[102.839122,0.290961]]],[[[103.0796,0.624416],[103.0796,0.624416]]],[[[103.506358,0.70189],[103.489024,0.61994],[103.506358,0.70189]]],[[[103.112804,0.792955],[103.112804,0.792955]]],[[[104.564626,0.798163],[104.564626,0.798163]]],[[[103.667735,0.839667],[103.727306,0.779853],[103.667735,0.839667]]],[[[103.462169,0.918931],[103.462169,0.918931]]],[[[120.649181,1.072455],[120.649181,1.072455]]],[[[120.377615,1.079901],[120.377615,1.079901]]],[[[119.846528,-0.874607],[119.867198,-0.788344],[119.846934,-0.701267],[119.792003,-0.60711],[119.775401,-0.522638],[119.781098,-0.239353],[119.806407,-0.153985],[119.730479,-0.121352],[119.657563,-0.080133],[119.634451,0.010484],[119.715831,0.001532],[119.76588,-0.063246],[119.847179,-0.061578],[119.87794,0.045478],[119.793956,0.196601],[119.854015,0.269924],[119.858735,0.364244],[119.898448,0.451606],[119.96461,0.501125],[120.045177,0.549994],[120.02475,0.667182],[120.062836,0.742865],[120.186534,0.784003],[120.247081,0.933295],[120.319591,0.99608],[120.340099,0.917914],[120.387055,0.83393],[120.469574,0.79682],[120.556407,0.780748],[120.602224,0.855699],[120.662283,0.968817],[120.740001,0.989163],[120.801768,1.052639],[120.79949,1.142076],[120.826671,1.25373],[120.864594,1.325141],[120.949474,1.343817],[121.061209,1.327094],[121.158702,1.302802],[121.264903,1.22956],[121.381684,1.256659],[121.451427,1.297553],[121.439626,1.212104],[121.470958,1.13703],[121.546723,1.072455],[121.63087,1.061957],[121.926117,1.0987],[121.970225,1.029486],[122.048839,1.05976],[122.149425,1.037746],[122.235362,1.009833],[122.328298,1.024359],[122.441742,1.021674],[122.524181,0.979967],[122.62379,0.966376],[122.70045,0.908189],[122.778819,0.870063],[122.848888,0.81802],[122.918468,0.859565],[122.958181,0.945746],[123.0713,0.93476],[123.175629,0.922553],[123.254893,0.960679],[123.331309,0.912828],[123.417328,0.921617],[123.519786,0.886623],[123.612315,0.886217],[123.691173,0.852729],[123.831798,0.832221],[123.92921,0.831529],[124.008067,0.898179],[124.120291,0.939114],[124.190766,0.9831],[124.290375,1.01732],[124.346528,1.139635],[124.407725,1.192776],[124.494314,1.192206],[124.579112,1.187893],[124.606456,1.273342],[124.53297,1.314521],[124.601817,1.400133],[124.691742,1.401435],[124.774181,1.455227],[124.850434,1.489691],[124.825938,1.572903],[124.936534,1.665595],[124.983897,1.731594],[125.061697,1.674547],[125.147634,1.682034],[125.167817,1.584784],[125.239757,1.523668],[125.177013,1.440172],[125.115408,1.385199],[125.033702,1.175442],[124.986583,1.092963],[124.921153,1.020657],[124.863048,0.955146],[124.799001,0.905748],[124.712169,0.845282],[124.654307,0.778022],[124.587901,0.676988],[124.58253,0.595445],[124.503429,0.534003],[124.465831,0.448676],[124.373302,0.428168],[124.199718,0.374091],[124.109386,0.387193],[124.033865,0.35932],[123.931407,0.336249],[123.824962,0.318305],[123.72462,0.308824],[123.646983,0.281643],[123.466319,0.312323],[123.292003,0.308336],[123.215587,0.352769],[123.132579,0.447577],[123.074229,0.516303],[122.977875,0.482815],[122.83074,0.492336],[122.738292,0.481676],[122.662934,0.515692],[122.583018,0.49433],[122.324392,0.497056],[122.207205,0.483832],[122.104259,0.480699],[122.019705,0.477118],[121.892914,0.435452],[121.800466,0.426459],[121.732595,0.499945],[121.64503,0.517157],[121.556651,0.530585],[121.478526,0.482082],[121.396983,0.478461],[121.296397,0.478583],[121.200206,0.461737],[121.125011,0.417629],[121.019786,0.442043],[120.892426,0.423326],[120.809337,0.469184],[120.730154,0.493476],[120.502696,0.528876],[120.408865,0.485745],[120.340099,0.441881],[120.27296,0.378119],[120.214529,0.291938],[120.158214,0.227769],[120.121349,0.145168],[120.094249,0.051418],[120.062836,-0.034519],[120.02475,-0.106785],[120.001475,-0.192153],[120.018565,-0.363458],[120.059418,-0.44199],[120.07309,-0.613946],[120.243907,-0.887628],[120.325531,-0.938653],[120.412446,-0.904962],[120.46518,-0.969008],[120.582367,-1.105239],[120.566905,-1.20143],[120.619395,-1.28045],[120.648936,-1.364353],[120.737315,-1.367446],[120.830089,-1.340102],[120.889903,-1.395278],[120.976573,-1.382094],[121.073253,-1.421319],[121.167003,-1.322931],[121.189708,-1.221368],[121.255626,-1.155206],[121.31837,-1.067153],[121.429942,-0.93377],[121.500662,-0.859308],[121.585216,-0.842706],[121.659679,-0.812595],[121.690115,-0.908787],[121.799978,-0.935479],[121.886974,-0.951349],[121.999522,-0.922052],[122.085704,-0.926446],[122.152843,-0.853204],[122.193614,-0.768976],[122.410167,-0.757501],[122.55714,-0.768162],[122.656423,-0.767755],[122.739024,-0.791436],[122.912446,-0.762872],[122.867849,-0.692804],[122.780121,-0.686619],[122.817393,-0.615492],[122.943044,-0.605076],[123.026378,-0.599705],[123.239513,-0.570489],[123.341807,-0.620212],[123.417328,-0.65488],[123.454356,-0.758233],[123.437836,-0.853611],[123.389659,-0.983657],[123.311209,-1.051446],[123.210948,-0.983331],[123.147797,-0.922947],[123.118907,-0.84295],[123.04005,-0.880792],[122.917003,-0.899591],[122.811697,-0.924086],[122.769705,-1.019789],[122.725271,-1.08766],[122.661632,-1.142836],[122.626475,-1.218438],[122.529552,-1.316013],[122.478282,-1.381117],[122.406016,-1.446222],[122.306326,-1.524347],[122.233165,-1.574314],[122.14324,-1.594008],[122.063731,-1.62127],[121.973643,-1.655369],[121.861339,-1.669692],[121.79005,-1.736423],[121.755138,-1.833754],[121.692149,-1.908136],[121.562511,-1.930597],[121.495128,-1.873956],[121.440929,-1.813572],[121.354503,-1.785577],[121.340099,-1.875665],[121.340587,-1.991306],[121.388438,-1.917169],[121.466645,-2.000909],[121.53533,-2.05877],[121.574555,-2.16253],[121.659923,-2.17669],[121.739024,-2.211033],[121.822927,-2.287286],[121.864757,-2.358494],[121.929698,-2.462986],[121.977875,-2.553969],[122.019216,-2.635431],[122.059906,-2.744806],[122.137055,-2.775486],[122.185313,-2.845798],[122.266124,-2.879164],[122.294444,-2.964532],[122.286876,-3.044692],[122.385916,-3.132013],[122.46754,-3.148207],[122.433604,-3.234552],[122.339366,-3.237563],[122.295665,-3.312921],[122.359386,-3.363458],[122.279633,-3.355564],[122.292166,-3.45086],[122.262462,-3.528985],[122.205414,-3.593845],[122.268809,-3.665785],[122.334972,-3.718032],[122.419688,-3.724786],[122.470958,-3.78631],[122.529552,-3.865411],[122.636892,-3.883477],[122.588145,-3.957615],[122.656423,-4.006606],[122.666515,-4.102472],[122.778168,-4.136977],[122.775157,-4.048272],[122.872813,-4.093194],[122.907074,-4.195977],[122.893891,-4.286065],[122.905284,-4.370212],[122.842052,-4.438084],[122.7588,-4.369073],[122.670177,-4.314548],[122.727794,-4.381117],[122.77296,-4.450128],[122.691173,-4.483819],[122.640473,-4.408461],[122.531423,-4.427911],[122.430431,-4.416925],[122.350352,-4.452895],[122.240408,-4.465916],[122.158946,-4.509942],[122.065684,-4.582289],[122.039561,-4.663344],[122.059337,-4.742446],[122.128917,-4.80047],[122.055186,-4.844334],[121.887462,-4.846368],[121.808767,-4.81406],[121.725352,-4.832289],[121.657237,-4.787205],[121.56658,-4.752618],[121.503429,-4.6749],[121.480479,-4.580824],[121.498302,-4.500095],[121.529307,-4.397556],[121.529307,-4.27752],[121.617198,-4.166925],[121.627696,-4.087091],[121.555186,-4.021417],[121.430024,-3.9992],[121.354259,-3.968438],[121.312673,-3.897393],[121.255138,-3.815688],[121.16033,-3.796157],[121.105154,-3.730239],[120.893809,-3.539158],[120.867686,-3.45794],[120.908539,-3.367608],[120.968028,-3.28574],[121.029796,-3.226821],[121.073416,-3.139418],[121.052908,-3.049493],[121.079438,-2.9367],[121.070811,-2.851007],[120.986827,-2.832615],[121.052501,-2.777602],[121.035899,-2.690118],[120.88502,-2.642348],[120.799327,-2.615004],[120.712576,-2.636895],[120.62672,-2.674737],[120.559825,-2.731134],[120.292247,-2.903009],[120.203461,-2.957696],[120.240001,-3.035903],[120.285411,-3.122166],[120.35377,-3.190362],[120.408214,-3.259373],[120.402843,-3.345636],[120.407725,-3.433364],[120.400157,-3.517836],[120.422048,-3.666436],[120.430024,-3.766778],[120.37143,-3.860447],[120.351899,-4.100274],[120.381602,-4.207696],[120.387869,-4.294041],[120.362315,-4.386977],[120.402599,-4.472101],[120.397146,-4.557224],[120.444102,-4.626642],[120.396169,-4.787205],[120.326427,-4.842055],[120.306651,-4.992852],[120.284028,-5.111586],[120.306651,-5.211358],[120.381114,-5.337335],[120.432953,-5.527602],[120.463634,-5.620212],[120.379649,-5.576349],[120.323253,-5.509535],[120.206716,-5.547784],[120.118663,-5.587986],[120.010265,-5.577813],[119.914887,-5.568943],[119.851248,-5.630548],[119.772227,-5.701267],[119.676931,-5.697035],[119.634044,-5.617446],[119.552419,-5.643324],[119.517589,-5.558038],[119.433279,-5.587823],[119.424815,-5.501235],[119.380138,-5.434015],[119.352794,-5.355645],[119.36964,-5.276788],[119.379893,-5.191664],[119.408458,-5.115818],[119.465668,-5.055597],[119.519786,-4.916681],[119.491222,-4.754083],[119.538829,-4.666681],[119.584972,-4.579197],[119.606212,-4.420343],[119.626801,-4.314548],[119.604503,-4.222914],[119.618419,-4.121026],[119.618419,-4.038507],[119.566091,-3.939874],[119.519867,-3.826349],[119.456716,-3.714532],[119.483653,-3.614923],[119.497569,-3.495294],[119.403005,-3.461521],[119.311778,-3.426365],[119.245372,-3.47617],[119.15797,-3.478448],[119.027029,-3.509698],[118.949474,-3.569024],[118.880138,-3.443129],[118.842296,-3.368341],[118.834483,-3.259942],[118.817149,-3.171808],[118.766368,-3.102634],[118.848399,-3.067804],[118.856944,-2.972833],[118.887706,-2.882501],[118.812999,-2.844171],[118.757335,-2.775811],[118.777843,-2.690118],[118.822765,-2.62127],[118.914399,-2.64837],[118.9817,-2.597426],[119.031586,-2.532485],[119.135753,-2.454278],[119.130382,-2.35475],[119.127208,-2.255304],[119.171235,-2.149509],[119.216075,-2.009942],[119.287364,-1.958429],[119.367442,-1.847263],[119.308442,-1.69492],[119.328868,-1.593194],[119.309093,-1.504571],[119.296886,-1.411391],[119.33074,-1.330255],[119.31365,-1.245782],[119.373709,-1.168878],[119.443614,-1.113051],[119.474132,-1.020929],[119.500824,-0.932306],[119.537364,-0.85003],[119.599132,-0.795505],[119.68214,-0.736912],[119.72462,-0.639255],[119.792003,-0.778416],[119.82488,-0.858657],[119.846528,-0.874607]]],[[[127.785899,2.264228],[127.785899,2.264228]]],[[[128.193614,2.367255],[128.154633,2.286363],[128.134776,2.368313],[128.193614,2.367255]]],[[[100.947276,1.825385],[100.924083,1.922756],[100.885509,2.036322],[100.823497,2.115953],[100.799978,2.20893],[100.841156,2.280829],[101.050304,2.29149],[101.181814,2.145006],[101.299978,2.046617],[101.323416,1.938951],[101.351329,1.860093],[101.377615,1.773261],[101.427013,1.709296],[101.529633,1.670803],[101.673513,1.669501],[101.778575,1.644273],[102.021495,1.437893],[102.118175,1.386542],[102.153331,1.311469],[102.173106,1.230902],[102.193126,1.104234],[102.208507,1.024075],[102.321056,0.917182],[102.425059,0.804267],[102.509532,0.750312],[102.594981,0.736029],[102.781261,0.730902],[102.877126,0.726386],[102.953787,0.675849],[103.056326,0.558295],[103.092296,0.469184],[102.961436,0.387193],[102.861501,0.335761],[102.746267,0.277655],[102.646007,0.242621],[102.581879,0.181098],[102.502696,0.236396],[102.577891,0.158515],[102.644379,0.20954],[102.741547,0.22663],[102.818207,0.25373],[102.90268,0.267768],[102.972911,0.313137],[103.057628,0.372952],[103.143565,0.400214],[103.201508,0.469184],[103.280121,0.498603],[103.362153,0.536282],[103.480968,0.482327],[103.587657,0.376532],[103.664887,0.334703],[103.743419,0.27733],[103.800466,0.034573],[103.671153,-0.017429],[103.586192,-0.011082],[103.587169,-0.094985],[103.507986,-0.114435],[103.466807,-0.183038],[103.301443,-0.237563],[103.397146,-0.244073],[103.489268,-0.211521],[103.456716,-0.288995],[103.345551,-0.36004],[103.429535,-0.374933],[103.511485,-0.383559],[103.590505,-0.424574],[103.515798,-0.499607],[103.417979,-0.517755],[103.372895,-0.449395],[103.406505,-0.540785],[103.393565,-0.632013],[103.356456,-0.711358],[103.436046,-0.745294],[103.507335,-0.804946],[103.564708,-0.874607],[103.634451,-0.919366],[103.725108,-0.98561],[103.804942,-1.024835],[103.900401,-0.990655],[104.022309,-1.008233],[104.107921,-1.028985],[104.189464,-1.068129],[104.319591,-1.033624],[104.410492,-1.128351],[104.401378,-1.23089],[104.444998,-1.30462],[104.454356,-1.53102],[104.479259,-1.615818],[104.517345,-1.688409],[104.537364,-1.772149],[104.489024,-1.86004],[104.586681,-1.877211],[104.629649,-1.949151],[104.588878,-2.019464],[104.654552,-1.970147],[104.685802,-2.044692],[104.772634,-1.997735],[104.850271,-2.037856],[104.882823,-2.125665],[104.828298,-2.246677],[104.757009,-2.330499],[104.671397,-2.351251],[104.606212,-2.402114],[104.709646,-2.370864],[104.730154,-2.452732],[104.713145,-2.557794],[104.643809,-2.600763],[104.569509,-2.656427],[104.537364,-2.759047],[104.585134,-2.677667],[104.70281,-2.60947],[104.768565,-2.494724],[104.771821,-2.414239],[104.832205,-2.34531],[104.901052,-2.292901],[104.928966,-2.37477],[105.001964,-2.331964],[105.086681,-2.361261],[105.202159,-2.347426],[105.307384,-2.368829],[105.466807,-2.388442],[105.552094,-2.402114],[105.633311,-2.416192],[105.611176,-2.505955],[105.618419,-2.594903],[105.673106,-2.663018],[105.757091,-2.682875],[105.791759,-2.862074],[105.84018,-2.930108],[105.922618,-2.957696],[106.015636,-2.969496],[106.054047,-3.04697],[106.053477,-3.128595],[106.079763,-3.211521],[105.997244,-3.300226],[105.929047,-3.365411],[105.881114,-3.451104],[105.819591,-3.67254],[105.933442,-3.802341],[105.935802,-3.909845],[105.870128,-4.004164],[105.831309,-4.140232],[105.812755,-4.238702],[105.8296,-4.324477],[105.853282,-4.403904],[105.906261,-4.469334],[105.90268,-4.565688],[105.90504,-4.670099],[105.868663,-4.780938],[105.908458,-4.910333],[105.879568,-5.007582],[105.861827,-5.12656],[105.867442,-5.211358],[105.839529,-5.337172],[105.83961,-5.468927],[105.832774,-5.592543],[105.81129,-5.696873],[105.79363,-5.795587],[105.733572,-5.890313],[105.681,-5.819024],[105.586192,-5.790785],[105.568614,-5.680352],[105.483572,-5.658949],[105.398204,-5.581313],[105.31072,-5.465997],[105.247081,-5.53753],[105.180186,-5.596938],[105.199229,-5.678888],[105.215343,-5.759047],[105.130626,-5.787367],[104.901052,-5.671319],[104.790782,-5.60947],[104.709727,-5.525811],[104.622813,-5.490655],[104.53419,-5.523858],[104.688731,-5.807875],[104.702403,-5.886977],[104.56129,-5.928318],[104.541759,-5.841892],[104.47877,-5.790216],[104.384044,-5.692478],[104.297699,-5.643324],[104.257986,-5.539809],[104.184906,-5.493748],[104.11085,-5.446222],[104.038829,-5.356622],[103.999766,-5.276951],[103.918793,-5.223077],[103.913422,-5.139255],[103.832286,-5.068048],[103.74822,-5.026544],[103.705414,-4.955011],[103.616954,-4.919854],[103.533702,-4.890232],[103.44988,-4.859796],[103.385997,-4.804946],[103.303559,-4.734145],[103.172862,-4.617934],[103.049978,-4.543064],[102.920421,-4.492608],[102.876313,-4.420587],[102.701182,-4.27044],[102.527517,-4.151137],[102.366222,-4.026462],[102.291759,-3.965427],[102.306651,-3.884698],[102.274099,-3.810479],[102.245128,-3.72796],[102.222179,-3.642836],[102.065684,-3.55047],[101.876964,-3.421319],[101.637462,-3.250665],[101.584483,-3.176853],[101.418956,-2.927341],[101.326996,-2.73919],[101.262543,-2.683282],[101.178396,-2.64129],[101.104828,-2.587091],[101.017833,-2.46795],[100.923106,-2.333429],[100.839529,-2.16725],[100.878266,-2.080011],[100.881358,-1.994887],[100.864594,-1.912367],[100.783946,-1.815525],[100.718435,-1.698175],[100.65447,-1.617608],[100.632579,-1.507989],[100.570567,-1.44256],[100.576834,-1.355645],[100.498709,-1.290297],[100.415538,-1.274509],[100.427419,-1.19256],[100.368012,-1.133722],[100.416352,-1.06463],[100.353038,-0.977146],[100.327891,-0.858819],[100.159679,-0.667901],[100.090587,-0.557224],[100.034923,-0.48797],[99.930431,-0.409438],[99.843598,-0.332127],[99.809581,-0.247166],[99.759451,-0.16839],[99.766775,-0.075372],[99.689464,0.020087],[99.632823,0.081],[99.534028,0.140326],[99.450206,0.161282],[99.356619,0.225653],[99.26059,0.219875],[99.182302,0.244086],[99.148448,0.333157],[99.132335,0.412055],[99.122569,0.509019],[99.100271,0.601752],[99.047374,0.739732],[99.006114,0.818752],[98.975841,0.920844],[98.917328,1.117174],[98.850597,1.277289],[98.840017,1.356757],[98.775401,1.451565],[98.725841,1.523627],[98.788585,1.586412],[98.823578,1.666693],[98.773936,1.748603],[98.690684,1.736274],[98.576182,1.888088],[98.444021,1.991156],[98.354503,2.003811],[98.269216,2.038072],[98.209483,2.109931],[98.08961,2.195868],[97.983572,2.244371],[97.881114,2.250312],[97.803396,2.27204],[97.706065,2.346137],[97.658214,2.411566],[97.661143,2.52733],[97.644054,2.668891],[97.608897,2.848619],[97.53533,2.888251],[97.441661,2.922105],[97.332042,3.031399],[97.285167,3.178453],[97.206716,3.24079],[97.018565,3.522691],[96.921723,3.605699],[96.883556,3.68244],[96.807872,3.724066],[96.559825,3.746568],[96.479503,3.778713],[96.279307,4.025784],[96.211436,4.09394],[96.147146,4.142483],[96.065196,4.205024],[95.903494,4.344713],[95.814138,4.432847],[95.725841,4.531684],[95.656505,4.579983],[95.576182,4.63467],[95.515147,4.713528],[95.468435,4.789496],[95.418468,4.862494],[95.379893,4.960435],[95.348888,5.037502],[95.296886,5.1164],[95.27296,5.211168],[95.231944,5.282294],[95.245291,5.379136],[95.245453,5.460517],[95.203624,5.533677],[95.279796,5.574368],[95.358897,5.616889],[95.431895,5.65469],[95.502696,5.605129],[95.611583,5.626654],[95.762218,5.57685],[95.83961,5.528551],[95.903575,5.450751],[96.054942,5.313625],[96.290538,5.258979],[96.406586,5.217231],[96.486339,5.229397],[96.567638,5.208441],[96.650564,5.216254],[96.785132,5.259857],[96.894379,5.262112],[97.030198,5.251295],[97.109641,5.214092],[97.175955,5.161282],[97.268368,5.155068],[97.496837,5.251899],[97.664399,5.073432],[97.830089,4.938788],[97.90919,4.889594],[97.956065,4.80801],[97.975352,4.706244],[98.0088,4.623684],[98.048025,4.539008],[98.138194,4.53441],[98.219005,4.484768],[98.275564,4.42536],[98.267751,4.292629],[98.266368,4.211575],[98.185802,4.169745],[98.29949,4.089016],[98.384451,4.086493],[98.462657,4.053046],[98.526378,4.003241],[98.5949,3.943671],[98.67662,3.914547],[98.699718,3.83393],[98.796582,3.725443],[98.896583,3.681402],[98.977907,3.657914],[99.052357,3.621714],[99.179761,3.546338],[99.270038,3.484586],[99.368175,3.407945],[99.453868,3.360989],[99.506033,3.295966],[99.589366,3.227973],[99.685313,3.204739],[99.781586,3.120754],[99.852875,3.047268],[99.930512,2.975409],[99.990245,2.914496],[99.997895,2.79914],[99.96461,2.719387],[100.0088,2.620429],[99.980235,2.697333],[100.054942,2.727281],[100.07602,2.648261],[100.095958,2.570461],[100.121104,2.66356],[100.20338,2.709866],[100.254649,2.627265],[100.312185,2.562893],[100.381684,2.355048],[100.434337,2.273342],[100.507335,2.199164],[100.617849,2.129055],[100.789073,2.048529],[100.855724,1.999213],[100.8921,1.918158],[100.923106,1.834947],[100.947276,1.825385]]],[[[120.792491,-9.96087],[120.839854,-10.051365],[120.785167,-10.12477],[120.72462,-10.196873],[120.641612,-10.231215],[120.547374,-10.233331],[120.483165,-10.300958],[120.409353,-10.269627],[120.241873,-10.241632],[120.15561,-10.220961],[120.09311,-10.16839],[120.03419,-10.112074],[119.976329,-9.992446],[119.908702,-9.947198],[119.811371,-9.917169],[119.697113,-9.852634],[119.634451,-9.789646],[119.54005,-9.765883],[119.460297,-9.750095],[119.38559,-9.782892],[119.284841,-9.741143],[119.177094,-9.741388],[119.096853,-9.717543],[119.02475,-9.659275],[118.95574,-9.585056],[118.958018,-9.499607],[119.024669,-9.437677],[119.110118,-9.412774],[119.206879,-9.379002],[119.305431,-9.364435],[119.384532,-9.378106],[119.476085,-9.361098],[119.570811,-9.354099],[119.662364,-9.347914],[119.79949,-9.383722],[119.945974,-9.288263],[120.011729,-9.357599],[120.070974,-9.441013],[120.148285,-9.479669],[120.229259,-9.492283],[120.25115,-9.575372],[120.330333,-9.669366],[120.43629,-9.63128],[120.497732,-9.683201],[120.580333,-9.734959],[120.645763,-9.852309],[120.764415,-9.938897],[120.792491,-9.96087]]],[[[115.550141,-8.666192],[115.615731,-8.739627],[115.560802,-8.799005],[115.48878,-8.740655],[115.535055,-8.673678],[115.550141,-8.666192]]],[[[119.722992,-8.621189],[119.702647,-8.706476],[119.702647,-8.792413],[119.615245,-8.77752],[119.656993,-8.695489],[119.627208,-8.618341],[119.695486,-8.667087],[119.722992,-8.621189]]],[[[119.559255,-8.518162],[119.493988,-8.573012],[119.466482,-8.648533],[119.457367,-8.728123],[119.373709,-8.73447],[119.401541,-8.641534],[119.38795,-8.556329],[119.424815,-8.472589],[119.528819,-8.479262],[119.559255,-8.518162]]],[[[123.348643,-8.268813],[123.327485,-8.367608],[123.244884,-8.404718],[123.163585,-8.391778],[123.081554,-8.408624],[123.036469,-8.332289],[123.125824,-8.258722],[123.204438,-8.233494],[123.287852,-8.246352],[123.348643,-8.268813]]],[[[116.633311,-8.275079],[116.706228,-8.317071],[116.743175,-8.391778],[116.691661,-8.467462],[116.681,-8.556329],[116.618988,-8.634861],[116.555305,-8.744972],[116.508311,-8.83294],[116.588878,-8.863214],[116.509177,-8.896829],[116.455577,-8.833673],[116.402008,-8.916043],[116.310069,-8.902439],[116.224864,-8.907973],[116.105724,-8.874688],[116.029959,-8.908136],[115.969249,-8.849379],[115.867442,-8.821222],[115.848592,-8.724793],[115.941759,-8.754877],[116.023204,-8.748142],[116.063349,-8.673059],[116.072645,-8.577784],[116.038591,-8.500403],[116.050047,-8.414638],[116.122813,-8.374444],[116.269705,-8.247735],[116.376231,-8.201837],[116.497406,-8.2374],[116.573009,-8.264093],[116.633311,-8.275079]]],[[[119.086436,-8.131524],[119.127208,-8.220473],[119.051524,-8.261407],[119.042003,-8.148533],[119.086436,-8.131524]]],[[[119.203624,-8.610935],[119.182465,-8.688165],[119.11671,-8.747817],[118.991547,-8.75506],[118.923595,-8.6985],[118.813324,-8.710219],[118.727794,-8.733168],[118.825694,-8.776544],[118.907237,-8.789727],[118.842296,-8.843927],[118.757335,-8.802016],[118.668956,-8.806899],[118.465017,-8.865004],[118.38738,-8.795831],[118.435232,-8.706476],[118.420421,-8.615655],[118.355642,-8.684991],[118.299327,-8.757908],[118.157725,-8.867852],[118.078868,-8.844334],[117.998383,-8.880955],[117.890473,-8.936782],[117.812022,-8.919203],[117.725108,-8.912042],[117.558116,-9.001886],[117.473888,-9.029962],[117.388868,-9.053739],[117.300508,-9.04707],[117.192406,-9.023727],[117.126801,-9.091241],[117.009736,-9.107293],[116.928233,-9.063897],[116.850271,-9.045343],[116.773936,-9.012791],[116.747907,-8.922928],[116.776909,-8.826347],[116.790701,-8.745375],[116.748517,-8.666544],[116.790091,-8.583704],[116.838145,-8.507908],[116.984548,-8.495782],[117.09018,-8.425226],[117.173513,-8.365167],[117.261974,-8.390313],[117.353201,-8.44671],[117.43393,-8.481134],[117.519705,-8.418715],[117.576915,-8.487074],[117.639659,-8.540623],[117.720876,-8.568536],[117.782074,-8.625258],[117.787852,-8.710219],[117.886567,-8.699477],[117.969005,-8.748142],[118.030284,-8.688246],[118.122813,-8.645766],[118.246104,-8.657159],[118.269542,-8.574477],[118.192882,-8.549493],[118.133556,-8.486749],[118.057465,-8.450616],[117.970225,-8.461358],[117.881521,-8.398614],[117.810069,-8.34002],[117.743826,-8.268813],[117.720714,-8.176202],[117.789806,-8.127374],[117.895274,-8.09002],[117.97755,-8.109145],[118.071544,-8.105401],[118.149669,-8.134454],[118.172699,-8.213149],[118.222911,-8.288751],[118.303966,-8.368259],[118.391612,-8.318455],[118.46339,-8.249444],[118.541026,-8.268813],[118.639415,-8.28631],[118.695811,-8.37127],[118.681488,-8.456964],[118.654307,-8.542087],[118.71518,-8.471449],[118.71697,-8.379571],[118.777843,-8.309259],[118.859223,-8.288832],[118.949718,-8.295587],[119.007335,-8.372003],[119.051117,-8.470473],[119.030528,-8.547784],[119.041515,-8.629815],[119.130138,-8.633396],[119.167328,-8.559747],[119.203624,-8.610935]]],[[[123.026378,-8.288751],[122.942882,-8.343927],[122.903819,-8.426935],[122.820974,-8.436212],[122.849376,-8.552016],[122.79713,-8.613539],[122.687511,-8.631443],[122.56544,-8.669122],[122.449474,-8.734308],[122.303884,-8.739028],[122.162934,-8.726983],[122.07781,-8.753839],[122.005382,-8.802016],[121.87615,-8.83766],[121.793712,-8.883966],[121.699229,-8.85947],[121.621755,-8.836847],[121.540863,-8.814874],[121.456716,-8.810154],[121.367035,-8.81992],[121.340587,-8.918064],[121.210948,-8.892022],[121.128673,-8.908624],[121.048106,-8.944106],[120.963878,-8.92962],[120.863292,-8.869317],[120.792491,-8.823175],[120.725841,-8.867446],[120.641612,-8.844334],[120.577891,-8.790216],[120.492686,-8.801365],[120.404307,-8.800714],[120.323009,-8.830662],[120.223643,-8.811456],[120.144786,-8.768731],[120.058849,-8.7999],[119.975759,-8.813897],[119.9074,-8.871677],[119.860362,-8.802016],[119.805675,-8.740655],[119.803722,-8.596775],[119.871104,-8.494073],[119.867198,-8.412856],[119.963878,-8.43963],[120.02475,-8.384942],[120.108897,-8.39186],[120.196056,-8.315688],[120.277029,-8.26922],[120.37794,-8.275079],[120.483409,-8.278741],[120.567719,-8.280532],[120.654552,-8.261651],[120.725841,-8.322686],[120.812511,-8.320977],[120.90919,-8.343357],[120.994884,-8.347101],[121.053233,-8.40545],[121.147309,-8.426039],[121.223399,-8.451755],[121.316417,-8.514744],[121.380544,-8.572198],[121.470958,-8.569268],[121.565684,-8.568943],[121.602712,-8.496352],[121.6963,-8.510675],[121.772716,-8.486749],[121.871593,-8.491957],[121.948253,-8.452569],[122.028656,-8.430922],[122.039561,-8.514744],[122.125499,-8.535252],[122.229747,-8.616876],[122.45102,-8.604099],[122.514659,-8.552667],[122.494151,-8.47503],[122.598155,-8.395196],[122.688243,-8.384698],[122.772227,-8.351983],[122.88087,-8.28574],[122.944102,-8.215427],[122.853038,-8.191502],[122.748871,-8.233494],[122.78004,-8.148126],[122.834646,-8.089532],[122.917491,-8.101332],[122.982921,-8.160333],[123.006602,-8.261407],[123.026378,-8.288751]]],[[[115.619151,-8.288751],[115.691091,-8.344415],[115.690684,-8.429457],[115.615489,-8.492446],[115.533702,-8.506524],[115.364024,-8.596938],[115.290782,-8.658787],[115.2317,-8.720798],[115.235525,-8.819757],[115.1574,-8.851821],[115.170665,-8.768731],[115.156098,-8.662042],[115.090099,-8.614841],[115.022634,-8.548923],[114.953136,-8.485121],[114.796641,-8.40545],[114.639008,-8.398614],[114.549083,-8.334242],[114.468435,-8.21852],[114.447927,-8.12184],[114.539724,-8.128025],[114.634044,-8.127211],[114.857595,-8.193129],[114.984386,-8.180434],[115.063243,-8.143243],[115.135916,-8.072849],[115.215505,-8.059503],[115.337901,-8.103774],[115.502452,-8.172621],[115.619151,-8.288751]]],[[[109.019298,-7.758071],[108.886078,-7.74391],[108.800141,-7.733819],[108.925059,-7.710382],[109.010997,-7.750258],[109.019298,-7.758071]]],[[[115.570649,-6.904555],[115.483165,-6.927341],[115.400401,-6.916925],[115.317393,-6.952407],[115.221446,-6.939711],[115.255382,-6.863051],[115.379242,-6.834731],[115.460785,-6.842543],[115.553477,-6.889418],[115.570649,-6.904555]]],[[[112.700694,-5.726007],[112.738536,-5.809991],[112.66391,-5.848321],[112.582774,-5.794203],[112.645356,-5.73211],[112.700694,-5.726007]]],[[[102.406505,-5.403741],[102.378754,-5.482192],[102.297862,-5.472752],[102.127696,-5.349542],[102.172048,-5.280369],[102.259776,-5.30755],[102.365896,-5.361261],[102.406505,-5.403741]]],[[[115.845876,-4.764093],[115.786388,-4.827813],[115.851817,-4.739028],[115.845876,-4.764093]]],[[[116.399262,-3.392755],[116.411469,-3.520929],[116.395274,-3.613458],[116.332205,-3.5617],[116.355642,-3.459731],[116.399262,-3.392755]]],[[[116.303722,-3.718032],[116.299327,-3.799086],[116.310557,-3.893324],[116.231212,-3.938084],[116.170258,-4.004002],[116.099783,-4.060642],[116.060313,-3.975356],[116.068858,-3.885512],[116.074474,-3.800877],[116.019054,-3.724867],[116.016368,-3.629164],[116.046397,-3.497491],[116.09669,-3.399672],[116.126231,-3.318617],[116.229177,-3.245538],[116.258962,-3.366632],[116.289399,-3.444268],[116.274099,-3.532892],[116.296886,-3.646091],[116.303722,-3.718032]]],[[[100.508474,-3.122166],[100.508474,-3.122166]]],[[[100.398611,-3.183526],[100.46697,-3.287286],[100.386078,-3.27752],[100.330414,-3.212986],[100.345225,-3.12656],[100.277354,-3.072931],[100.213227,-3.006931],[100.199962,-2.919854],[100.179454,-2.827325],[100.249034,-2.784356],[100.35434,-2.894464],[100.415863,-2.965916],[100.471446,-3.037856],[100.464529,-3.132501],[100.380707,-3.15252],[100.398611,-3.183526]]],[[[100.206798,-2.693536],[100.158946,-2.772638],[100.089854,-2.824395],[100.007823,-2.819513],[100.001313,-2.6867],[99.975759,-2.603448],[99.967296,-2.514907],[100.087087,-2.576267],[100.166677,-2.627862],[100.206798,-2.693536]]],[[[99.823253,-2.292901],[99.857921,-2.37477],[99.779959,-2.337009],[99.699229,-2.300877],[99.61085,-2.267185],[99.555675,-2.183038],[99.548839,-2.10117],[99.594005,-2.014825],[99.682628,-2.059503],[99.721365,-2.159112],[99.775401,-2.237563],[99.823253,-2.292901]]],[[[108.964203,-1.573419],[108.869802,-1.662286],[108.827485,-1.586602],[108.892833,-1.534275],[108.964203,-1.573419]]],[[[109.759776,-1.103936],[109.698253,-1.190525],[109.601329,-1.230076],[109.502452,-1.292169],[109.425548,-1.26686],[109.444509,-1.168878],[109.452322,-1.004002],[109.5442,-0.990655],[109.639659,-0.99627],[109.723481,-0.987074],[109.759776,-1.103936]]],[[[99.274425,-1.634942],[99.292003,-1.718927],[99.226736,-1.614435],[99.245372,-1.715509],[99.18214,-1.773696],[99.100597,-1.799412],[98.985688,-1.740004],[98.898692,-1.687758],[98.843028,-1.62127],[98.811697,-1.528985],[98.651378,-1.298517],[98.606944,-1.220392],[98.624034,-1.134698],[98.651378,-1.049005],[98.658214,-0.963474],[98.737966,-0.945733],[98.827485,-0.927179],[98.917979,-0.940118],[98.929454,-1.029962],[98.980317,-1.093683],[99.026622,-1.174249],[99.069591,-1.251397],[99.096446,-1.332696],[99.164724,-1.414239],[99.178884,-1.504571],[99.219412,-1.579767],[99.274425,-1.634942]]],[[[98.501964,-0.460545],[98.504405,-0.551202],[98.421886,-0.561782],[98.316742,-0.535089],[98.364024,-0.44199],[98.364024,-0.36004],[98.425466,-0.298598],[98.507335,-0.364923],[98.501964,-0.460545]]],[[[98.479991,-0.15838],[98.532237,-0.239353],[98.555186,-0.318536],[98.405528,-0.168227],[98.363292,-0.074395],[98.301768,-0.018731],[98.406098,-0.007379],[98.469981,-0.107517],[98.479991,-0.15838]]],[[[103.29363,0.625434],[103.280772,0.538031],[103.195567,0.520453],[103.158946,0.664781],[103.230235,0.704169],[103.29363,0.625434]]],[[[103.518728,0.818427],[103.440278,0.844224],[103.518728,0.818427]]],[[[103.818614,0.886217],[103.898204,0.853339],[103.941417,0.775702],[103.851736,0.835354],[103.818614,0.886217]]],[[[103.489024,0.777045],[103.480317,0.685248],[103.393728,0.698798],[103.345551,0.763373],[103.357432,0.872463],[103.427582,0.83161],[103.489024,0.777045]]],[[[103.801768,0.852729],[103.837657,0.769517],[103.763927,0.804918],[103.743419,0.893744],[103.801768,0.852729]]],[[[103.942149,0.99608],[103.856619,0.968411],[103.942149,0.99608]]],[[[104.798595,1.03148],[104.84962,0.968899],[104.791189,1.024075],[104.798595,1.03148]]],[[[107.562022,1.037177],[107.562022,1.037177]]],[[[103.443126,1.012763],[103.357677,1.004462],[103.315603,1.073188],[103.37672,1.133287],[103.403982,1.054836],[103.443126,1.012763]]],[[[103.048676,0.797024],[103.033702,0.705024],[102.929942,0.770006],[102.852224,0.798163],[102.766856,0.791327],[102.681488,0.804918],[102.597667,0.785061],[102.516368,0.791327],[102.406505,0.873236],[102.489431,0.939765],[102.4699,1.067369],[102.527517,1.139838],[102.607921,1.068915],[102.645274,0.997219],[102.743012,1.015937],[102.83253,0.963772],[102.909028,0.92772],[103.021739,0.845282],[103.048676,0.797024]]],[[[103.126475,0.927883],[103.167491,0.858954],[103.086274,0.84101],[102.951508,0.924628],[102.858897,0.987698],[102.790701,1.03148],[102.692638,1.025824],[102.701915,1.137763],[102.801768,1.163275],[102.886241,1.133287],[102.967133,1.091539],[103.03712,1.044582],[103.126475,0.927883]]],[[[104.146332,1.160468],[104.131114,1.048774],[104.071788,0.989936],[103.987966,1.010484],[103.918224,1.051337],[103.943207,1.130927],[104.019216,1.17886],[104.08546,1.133287],[104.146332,1.160468]]],[[[104.654552,1.096381],[104.651622,1.009019],[104.658702,0.927883],[104.599864,0.835028],[104.483409,0.858954],[104.474864,0.94009],[104.479666,1.025336],[104.386241,1.029853],[104.281505,1.002143],[104.232758,1.075588],[104.305186,1.126451],[104.378429,1.1765],[104.476085,1.17829],[104.572032,1.209052],[104.599376,1.126451],[104.654552,1.096381]]],[[[102.473399,1.242011],[102.447439,1.100491],[102.46518,0.994818],[102.407481,0.932847],[102.2671,1.036851],[102.234223,1.124213],[102.245128,1.203925],[102.204112,1.280829],[102.208507,1.377183],[102.290863,1.404527],[102.375743,1.322252],[102.451427,1.267279],[102.473399,1.242011]]],[[[102.49586,1.363593],[102.509532,1.277289],[102.372325,1.359849],[102.314626,1.421332],[102.134532,1.455715],[102.056977,1.510688],[102.004405,1.585679],[102.120128,1.600735],[102.237641,1.570258],[102.328298,1.559272],[102.462657,1.515448],[102.49586,1.441799],[102.49586,1.363593]]],[[[98.555186,1.682034],[98.464854,1.644192],[98.540538,1.673407],[98.555186,1.682034]]],[[[97.151134,2.058092],[97.069021,2.087144],[97.148448,2.074164],[97.151134,2.058092]]],[[[101.721202,2.058092],[101.770274,1.985053],[101.73585,1.887681],[101.729177,1.799058],[101.66627,1.74494],[101.577322,1.709296],[101.490733,1.736762],[101.440684,1.804877],[101.397146,1.909369],[101.405772,2.013861],[101.478282,2.072414],[101.566417,2.067939],[101.649262,2.128485],[101.721202,2.058092]]],[[[96.644054,2.127021],[96.644054,2.127021]]],[[[97.328624,2.147528],[97.342296,2.058092],[97.233897,2.147162],[97.102794,2.212714],[97.182791,2.22606],[97.264659,2.232245],[97.323741,2.169582],[97.328624,2.147528]]],[[[118.59962,2.24433],[118.654307,2.182278],[118.578461,2.236884],[118.578461,2.318793],[118.59962,2.24433]]],[[[109.108653,2.531684],[109.026703,2.485826],[108.96811,2.543647],[109.053477,2.537909],[109.108653,2.531684]]],[[[106.243175,2.760484],[106.243175,2.760484]]],[[[96.479503,2.414984],[96.430675,2.348782],[96.334972,2.355455],[96.285167,2.436428],[96.065684,2.579413],[95.986095,2.600002],[95.8921,2.615627],[95.790538,2.654608],[95.761567,2.739936],[95.692638,2.79206],[95.768728,2.840806],[95.784679,2.924954],[95.884044,2.919013],[95.927745,2.84455],[96.003266,2.777004],[96.090505,2.757799],[96.101817,2.675442],[96.246104,2.600002],[96.3213,2.566148],[96.367849,2.489691],[96.465017,2.437812],[96.479503,2.414984]]],[[[108.842459,2.973619],[108.892263,2.903876],[108.8296,2.847602],[108.829275,2.936265],[108.842459,2.973619]]],[[[107.80714,3.014879],[107.80714,3.014879]]],[[[105.802013,2.99726],[105.81186,2.904486],[105.729747,2.881171],[105.722179,2.969224],[105.694102,3.04857],[105.754161,2.983547],[105.802013,2.99726]]],[[[106.285167,3.179104],[106.285167,3.087226],[106.210704,3.12816],[106.207774,3.225328],[106.285167,3.179104]]],[[[117.503591,3.333645],[117.440278,3.280015],[117.503591,3.333645]]],[[[106.270844,3.360989],[106.293956,3.281073],[106.270844,3.360989]]],[[[117.625255,3.43769],[117.681977,3.377509],[117.667328,3.271552],[117.571788,3.313137],[117.531261,3.403144],[117.625255,3.43769]]],[[[117.893891,3.497504],[117.785492,3.538479],[117.863048,3.559027],[117.893891,3.497504]]],[[[117.517263,3.477037],[117.373057,3.497504],[117.287608,3.497504],[117.217784,3.547838],[117.29713,3.575873],[117.393728,3.566392],[117.461762,3.515937],[117.517263,3.477037]]],[[[117.846202,3.79914],[117.769542,3.831244],[117.852875,3.812405],[117.846202,3.79914]]],[[[117.698741,4.111314],[117.753184,4.051825],[117.705577,3.987494],[117.620291,4.015326],[117.612804,4.108222],[117.698741,4.111314]]],[[[108.396169,3.874823],[108.341075,3.756293],[108.300059,3.676256],[108.194998,3.652289],[108.104828,3.690579],[108.164887,3.75727],[108.266856,3.738756],[108.236827,3.815009],[108.103363,3.845893],[108.03004,3.908881],[108.005138,3.987494],[108.032237,4.069973],[108.170258,4.179429],[108.224864,4.244818],[108.252208,4.159166],[108.306814,4.086493],[108.365408,4.015448],[108.403575,3.936347],[108.396169,3.874823]]],[[[108.005138,4.772366],[107.993419,4.691311],[108.005138,4.772366]]],[[[95.177419,5.628363],[95.177419,5.628363]]],[[[95.115245,5.711493],[95.032725,5.733547],[95.122081,5.704657],[95.115245,5.711493]]],[[[95.341807,5.89643],[95.382823,5.807074],[95.302745,5.785712],[95.252696,5.854967],[95.324962,5.898017],[95.341807,5.89643]]],[[[123.390147,-10.591485],[123.40919,-10.679132],[123.276866,-10.72503],[123.209158,-10.813084],[122.988048,-10.865004],[122.880219,-10.922621],[122.814708,-10.803806],[122.917654,-10.737481],[123.005056,-10.722101],[123.098399,-10.663507],[123.177257,-10.618829],[123.225108,-10.543634],[123.33546,-10.49033],[123.378184,-10.561619],[123.390147,-10.591485]]],[[[121.940196,-10.430108],[121.997895,-10.508966],[121.930024,-10.566664],[121.796886,-10.598321],[121.71046,-10.584649],[121.826427,-10.493829],[121.879649,-10.428888],[121.940196,-10.430108]]],[[[123.465831,-10.149835],[123.446625,-10.239679],[123.416759,-10.32464],[123.321788,-10.338962],[123.332286,-10.254571],[123.389415,-10.175226],[123.465831,-10.149835]]],[[[123.927989,-8.227309],[123.81129,-8.288751],[123.750987,-8.356378],[123.687511,-8.436212],[123.601817,-8.456964],[123.597911,-8.555352],[123.511485,-8.53281],[123.430512,-8.587091],[123.346853,-8.543227],[123.266856,-8.548272],[123.314301,-8.45322],[123.387055,-8.401788],[123.46811,-8.365981],[123.36964,-8.316664],[123.442882,-8.276951],[123.516124,-8.240899],[123.5171,-8.337498],[123.589122,-8.37363],[123.639171,-8.294122],[123.711681,-8.245538],[123.783946,-8.185724],[123.864024,-8.218683],[123.927989,-8.227309]]],[[[124.308116,-8.220473],[124.299978,-8.319268],[124.232188,-8.38128],[124.201345,-8.46559],[124.149587,-8.539321],[124.059337,-8.551528],[124.031261,-8.456476],[123.938975,-8.457778],[123.96697,-8.360772],[124.0442,-8.304864],[124.097179,-8.377211],[124.184418,-8.271173],[124.247081,-8.196222],[124.308116,-8.220473]]],[[[138.897309,-8.337172],[138.699962,-8.394627],[138.582367,-8.372979],[138.639985,-8.257013],[138.688813,-8.181329],[138.78533,-8.158949],[138.835297,-8.251235],[138.897309,-8.337172]]],[[[125.134044,-8.217055],[125.137462,-8.321384],[125.021251,-8.37127],[124.932384,-8.377374],[124.766124,-8.408461],[124.670095,-8.40309],[124.57602,-8.437433],[124.495453,-8.430352],[124.418224,-8.464614],[124.338552,-8.429376],[124.386078,-8.358331],[124.472667,-8.268813],[124.547618,-8.230727],[124.421235,-8.267511],[124.438487,-8.175877],[124.545421,-8.130141],[124.603038,-8.206801],[124.687999,-8.165216],[124.773611,-8.158949],[124.898285,-8.168145],[124.984223,-8.163263],[125.080821,-8.159438],[125.134044,-8.217055]]],[[[128.090587,-8.131036],[128.066417,-8.220473],[127.951996,-8.223891],[127.86378,-8.210707],[127.793224,-8.162367],[127.867931,-8.106215],[128.017833,-8.143162],[128.090587,-8.131036]]],[[[131.109386,-8.131036],[131.061209,-8.205824],[130.979666,-8.236098],[130.893728,-8.251235],[130.834727,-8.335626],[130.844249,-8.254327],[130.913422,-8.213637],[130.926443,-8.132501],[131.014415,-8.095392],[131.079438,-8.148858],[131.109386,-8.131036]]],[[[129.841156,-7.877862],[129.811534,-7.983005],[129.776378,-8.055352],[129.693858,-8.038263],[129.594249,-7.924005],[129.587576,-7.835626],[129.724864,-7.795994],[129.810557,-7.816502],[129.841156,-7.877862]]],[[[126.836762,-7.726332],[126.749034,-7.754002],[126.631358,-7.775486],[126.559337,-7.81992],[126.504405,-7.888116],[126.466156,-7.966567],[126.37379,-7.93255],[126.274425,-7.911879],[126.189789,-7.923517],[126.114513,-7.882989],[125.99879,-7.893731],[125.921397,-7.927504],[125.812022,-8.007582],[125.80836,-7.86419],[125.876231,-7.794692],[125.921153,-7.721124],[125.980642,-7.658624],[126.203136,-7.713474],[126.28004,-7.688084],[126.39796,-7.643813],[126.484548,-7.597263],[126.603526,-7.569431],[126.692719,-7.637628],[126.798839,-7.664239],[126.836762,-7.726332]]],[[[127.470225,-7.527765],[127.431163,-7.613051],[127.357677,-7.655694],[127.375743,-7.56992],[127.440684,-7.520603],[127.470225,-7.527765]]],[[[138.938975,-7.542087],[139.046397,-7.561944],[139.020274,-7.67197],[138.982677,-7.829848],[138.910655,-7.878513],[138.886485,-8.007013],[138.836681,-8.080011],[138.771821,-8.143162],[138.679698,-8.157485],[138.621267,-8.233819],[138.535818,-8.302179],[138.472179,-8.357599],[138.375987,-8.409601],[138.293468,-8.418715],[138.177989,-8.384942],[138.03419,-8.381931],[137.849132,-8.377537],[137.759532,-8.393976],[137.677094,-8.425958],[137.726248,-8.144789],[137.789399,-8.052341],[137.818207,-7.973403],[137.894867,-7.816176],[137.965831,-7.739435],[138.006684,-7.637628],[138.088634,-7.559828],[138.244151,-7.456476],[138.39503,-7.40488],[138.529063,-7.386489],[138.62086,-7.364679],[138.717052,-7.359552],[138.804535,-7.3742],[138.896007,-7.50506],[138.938975,-7.542087]]],[[[131.698578,-7.226739],[131.646495,-7.302179],[131.660899,-7.383884],[131.679861,-7.473077],[131.652599,-7.554946],[131.618907,-7.636977],[131.55836,-7.706638],[131.490001,-7.763279],[131.389903,-7.847101],[131.348155,-7.922133],[131.316742,-8.017999],[131.289317,-7.937188],[131.229666,-8.003513],[131.116222,-8.000746],[131.123871,-7.91367],[131.10255,-7.828546],[131.156749,-7.766046],[131.122569,-7.691013],[131.203868,-7.713311],[131.189708,-7.63242],[131.224783,-7.546319],[131.315196,-7.422947],[131.388357,-7.381931],[131.453136,-7.334405],[131.482677,-7.254653],[131.532074,-7.190362],[131.589854,-7.120212],[131.654633,-7.172133],[131.739513,-7.195977],[131.698578,-7.226739]]],[[[131.982188,-7.188897],[131.87794,-7.164483],[131.772227,-7.164972],[131.878429,-7.106052],[131.953461,-7.154067],[131.982188,-7.188897]]],[[[128.669688,-7.137384],[128.638682,-7.219903],[128.546641,-7.162693],[128.592459,-7.073012],[128.678966,-7.093845],[128.669688,-7.137384]]],[[[114.045665,-6.914646],[114.124801,-6.98161],[113.98113,-7.020685],[113.891875,-7.059225],[113.832533,-7.13202],[113.706248,-7.113613],[113.610052,-7.129187],[113.559489,-7.212117],[113.472471,-7.22205],[113.269054,-7.217462],[113.186534,-7.223321],[113.146007,-7.149591],[113.12794,-7.231052],[112.818126,-7.161391],[112.72641,-7.158787],[112.694998,-7.076104],[112.76352,-7.011],[112.844005,-6.925063],[112.944021,-6.890964],[113.067393,-6.881036],[113.273357,-6.892996],[113.445582,-6.882378],[113.526228,-6.896293],[113.672052,-6.879399],[113.793113,-6.882479],[113.923676,-6.864841],[114.009613,-6.886977],[114.045665,-6.914646]]],[[[105.264171,-6.527927],[105.256033,-6.628188],[105.192149,-6.678806],[105.175466,-6.583103],[105.242035,-6.528416],[105.264171,-6.527927]]],[[[134.484386,-6.575616],[134.472179,-6.661798],[134.408946,-6.71502],[134.347179,-6.801528],[134.244802,-6.883477],[134.158458,-6.87363],[134.073416,-6.826755],[134.06658,-6.719659],[134.085948,-6.642022],[134.10377,-6.474867],[134.185802,-6.48919],[134.120372,-6.419854],[134.127452,-6.325291],[134.099132,-6.225681],[134.198741,-6.224298],[134.27711,-6.290216],[134.312755,-6.3742],[134.392426,-6.408298],[134.461274,-6.45086],[134.47755,-6.531345],[134.484386,-6.575616]]],[[[120.546153,-5.938165],[120.559337,-6.022556],[120.552989,-6.110121],[120.526215,-6.195489],[120.530121,-6.287286],[120.502615,-6.373468],[120.490489,-6.471449],[120.463634,-6.383884],[120.470876,-6.27516],[120.430837,-6.194513],[120.452159,-6.080824],[120.441417,-5.977634],[120.448253,-5.843927],[120.47047,-5.76686],[120.513357,-5.836602],[120.546153,-5.938165]]],[[[104.832774,-5.760024],[104.832774,-5.760024]]],[[[132.802013,-5.787367],[132.79713,-5.885837],[132.741547,-5.950372],[132.675059,-5.904067],[132.671641,-5.78338],[132.65797,-5.701755],[132.627615,-5.625584],[132.702891,-5.657647],[132.757172,-5.722914],[132.802013,-5.787367]]],[[[134.758067,-6.157892],[134.739594,-6.241957],[134.701834,-6.321873],[134.607758,-6.369561],[134.534841,-6.331231],[134.459239,-6.278416],[134.37794,-6.239353],[134.291352,-6.156345],[134.292491,-6.054864],[134.369314,-6.023858],[134.312266,-5.95436],[134.323497,-5.868259],[134.376475,-5.805597],[134.299164,-5.768243],[134.206554,-5.729099],[134.277192,-5.685724],[134.358735,-5.703546],[134.40919,-5.626886],[134.457042,-5.534112],[134.491222,-5.448175],[134.581228,-5.424249],[134.648204,-5.493097],[134.682384,-5.575128],[134.736827,-5.637953],[134.718761,-5.737563],[134.711111,-5.823663],[134.764903,-5.890395],[134.736095,-5.969496],[134.654307,-5.933282],[134.711436,-6.020278],[134.772227,-6.089614],[134.717052,-6.164727],[134.758067,-6.157892]]],[[[133.184337,-5.310317],[133.138927,-5.521173],[133.105968,-5.605645],[133.033539,-5.654392],[132.975434,-5.728692],[132.950938,-5.813084],[132.856781,-5.989435],[132.900076,-5.813897],[132.931163,-5.714939],[132.964122,-5.64072],[133.018565,-5.566176],[133.075857,-5.398045],[133.110118,-5.310968],[133.184337,-5.310317]]],[[[122.067393,-5.21502],[122.052989,-5.432306],[121.981456,-5.468927],[121.923513,-5.403741],[121.827159,-5.300714],[121.812185,-5.220961],[121.872569,-5.148533],[121.89796,-5.060968],[121.982677,-5.079034],[122.033376,-5.149998],[122.067393,-5.21502]]],[[[131.733084,-4.693048],[131.733084,-4.693048]]],[[[122.78004,-4.916599],[122.724946,-4.989679],[122.661388,-5.055352],[122.604259,-5.159926],[122.629161,-5.245538],[122.655447,-5.322524],[122.608653,-5.400486],[122.542817,-5.3388],[122.468598,-5.396417],[122.45102,-5.315037],[122.38266,-5.373142],[122.300548,-5.386977],[122.281505,-5.307794],[122.320079,-5.219496],[122.33253,-5.123793],[122.402599,-5.061782],[122.385916,-4.978774],[122.354991,-4.884861],[122.36671,-4.765802],[122.470958,-4.731378],[122.601248,-4.656427],[122.690684,-4.611749],[122.752696,-4.773207],[122.755707,-4.855727],[122.78004,-4.916599]]],[[[131.606212,-4.430434],[131.670746,-4.490167],[131.606212,-4.430434]]],[[[123.149913,-5.22503],[123.21811,-5.283787],[123.158051,-5.373793],[123.065603,-5.41839],[122.97755,-5.39422],[122.892914,-5.444268],[122.918224,-5.527439],[122.848888,-5.63714],[122.790294,-5.692478],[122.735606,-5.626886],[122.654307,-5.678481],[122.567149,-5.506931],[122.644298,-5.439386],[122.663259,-5.355401],[122.721039,-5.266209],[122.803233,-5.231866],[122.756602,-5.164727],[122.797618,-5.060642],[122.817882,-4.968683],[122.834646,-4.883071],[122.847992,-4.648858],[122.869395,-4.568292],[122.903575,-4.48919],[123.019542,-4.390232],[123.084239,-4.45615],[123.147797,-4.508477],[123.20045,-4.589044],[123.206065,-4.670831],[123.219737,-4.816664],[123.167003,-4.752618],[123.081554,-4.739028],[123.023774,-4.815118],[123.017426,-4.909845],[122.967947,-4.98089],[122.985362,-5.064874],[122.955251,-5.149998],[123.046886,-5.137465],[123.1067,-5.197686],[123.149913,-5.22503]]],[[[133.55836,-4.232029],[133.627696,-4.300226],[133.555186,-4.251723],[133.470388,-4.246026],[133.388194,-4.204685],[133.323741,-4.152927],[133.407563,-4.160333],[133.494314,-4.206638],[133.55836,-4.232029]]],[[[131.365977,-4.122166],[131.283702,-4.089776],[131.365977,-4.122166]]],[[[131.235037,-3.987563],[131.235037,-3.987563]]],[[[123.204438,-3.992934],[123.253429,-4.089776],[123.1963,-4.187677],[123.086599,-4.23447],[123.009125,-4.17197],[122.959727,-4.065118],[123.015636,-3.981134],[123.102306,-4.012465],[123.183604,-3.99033],[123.204438,-3.992934]]],[[[131.444835,-4.036716],[131.370128,-3.985284],[131.444835,-4.036716]]],[[[128.796235,-3.642836],[128.796235,-3.642836]]],[[[123.177257,-3.573989],[123.098806,-3.619236],[123.140636,-3.539158],[123.177257,-3.573989]]],[[[128.528819,-3.532973],[128.490571,-3.618585],[128.392914,-3.642836],[128.406912,-3.556817],[128.512706,-3.526056],[128.528819,-3.532973]]],[[[128.330821,-3.511895],[128.337169,-3.611586],[128.251964,-3.614923],[128.254893,-3.709568],[128.161469,-3.739028],[128.204356,-3.668145],[128.1067,-3.692071],[128.021739,-3.736423],[127.933442,-3.763442],[127.960948,-3.640313],[128.034516,-3.589044],[128.147309,-3.588474],[128.24171,-3.522149],[128.330821,-3.511895]]],[[[128.720551,-3.525567],[128.728038,-3.614923],[128.652354,-3.580824],[128.567882,-3.528009],[128.660655,-3.53338],[128.720551,-3.525567]]],[[[127.240896,-3.470961],[127.243419,-3.606052],[127.165212,-3.653416],[127.001964,-3.7138],[126.907,-3.787341],[126.826929,-3.810093],[126.742185,-3.859378],[126.656293,-3.834852],[126.558528,-3.793291],[126.438879,-3.75045],[126.364431,-3.697198],[126.274896,-3.663261],[126.173561,-3.602527],[126.148554,-3.525501],[126.068507,-3.467379],[126.007226,-3.361012],[125.991742,-3.248191],[126.017263,-3.171157],[126.090921,-3.112098],[126.161344,-3.172317],[126.258311,-3.122003],[126.421397,-3.070489],[126.720225,-3.060154],[126.840017,-3.073663],[126.918712,-3.114679],[127.000662,-3.149509],[127.084239,-3.194268],[127.111827,-3.272068],[127.080089,-3.34881],[127.193126,-3.355564],[127.268809,-3.385919],[127.240896,-3.470961]]],[[[106.908946,-2.929783],[106.895274,-3.018487],[106.798595,-3.011],[106.722667,-2.966078],[106.792328,-2.896417],[106.889903,-2.919854],[106.908946,-2.929783]]],[[[107.099232,-2.859058],[107.017076,-2.880206],[107.073497,-2.820489],[107.099232,-2.859058]]],[[[107.39503,-2.86891],[107.484386,-2.820489],[107.462901,-2.915948],[107.369247,-2.905169],[107.39503,-2.86891]]],[[[130.87322,-3.573989],[130.852061,-3.652927],[130.824718,-3.824477],[130.731212,-3.825942],[130.631602,-3.78867],[130.564708,-3.731622],[130.477794,-3.697361],[130.418793,-3.636895],[130.310802,-3.593927],[130.126475,-3.532973],[130.03712,-3.491469],[129.972911,-3.441502],[129.933849,-3.348321],[129.544932,-3.297784],[129.551443,-3.403253],[129.485606,-3.463474],[129.401541,-3.422947],[129.236176,-3.401625],[129.113536,-3.34881],[128.984223,-3.347426],[128.981944,-3.251886],[128.909516,-3.211521],[128.792166,-3.260431],[128.692556,-3.348728],[128.677582,-3.432306],[128.586925,-3.43434],[128.508311,-3.456964],[128.416189,-3.425958],[128.282074,-3.22088],[128.182872,-3.19378],[128.200043,-3.111423],[128.110606,-3.10003],[128.06658,-3.196954],[128.056895,-3.296808],[128.014171,-3.371352],[127.952891,-3.443943],[127.92921,-3.542739],[127.933442,-3.389744],[127.915701,-3.307224],[127.875255,-3.208754],[127.91627,-3.139907],[127.992931,-3.082615],[128.083751,-3.073663],[128.114106,-2.993585],[128.138927,-2.909845],[128.212413,-2.860528],[128.381033,-2.859959],[128.498546,-2.836521],[128.600759,-2.854669],[128.800548,-2.856215],[128.908214,-2.855401],[129.015961,-2.814223],[129.064464,-2.896173],[129.121837,-2.957696],[129.20045,-2.929783],[129.276134,-2.896173],[129.358409,-2.856215],[129.443533,-2.784926],[129.534841,-2.780043],[129.611827,-2.806817],[129.753754,-2.866469],[129.82545,-2.917657],[129.911632,-2.933201],[130.046641,-2.99212],[130.212657,-2.990411],[130.301524,-2.977227],[130.389334,-2.993829],[130.488943,-3.087498],[130.578461,-3.122817],[130.622244,-3.212579],[130.632823,-3.337823],[130.682628,-3.406427],[130.792979,-3.416436],[130.819347,-3.505141],[130.87322,-3.573989]]],[[[131.599376,-2.634861],[131.599376,-2.634861]]],[[[108.293712,-2.848403],[108.256684,-2.926202],[108.204356,-3.005466],[108.190684,-3.087498],[108.132091,-3.156345],[108.073985,-3.226007],[107.993988,-3.242446],[107.966075,-3.150974],[107.888438,-3.087498],[107.815196,-3.16725],[107.686271,-3.198207],[107.602794,-3.228858],[107.640798,-3.132582],[107.593435,-3.063165],[107.60434,-2.964044],[107.549083,-2.904962],[107.60963,-2.843683],[107.636729,-2.758559],[107.654552,-2.584893],[107.756602,-2.560642],[107.834321,-2.525079],[107.919688,-2.568617],[108.005138,-2.580255],[108.097911,-2.608168],[108.158946,-2.665785],[108.267263,-2.75742],[108.293712,-2.848403]]],[[[134.581228,-2.416436],[134.56422,-2.329848],[134.581228,-2.416436]]],[[[134.38502,-2.003595],[134.397472,-2.091974],[134.3567,-2.022882],[134.38502,-2.003595]]],[[[126.069102,-2.384454],[126.046153,-2.474216],[125.965994,-2.402114],[125.954763,-2.302179],[125.904552,-2.231378],[125.887706,-2.142348],[125.863536,-2.053318],[125.916352,-1.973891],[125.993419,-2.003595],[125.97877,-2.108168],[126.065115,-2.363946],[126.069102,-2.384454]]],[[[123.857432,-1.950372],[123.773285,-1.922621],[123.852387,-1.938735],[123.857432,-1.950372]]],[[[126.329112,-1.819268],[126.258067,-1.869073],[126.167003,-1.885024],[126.059093,-1.888279],[125.980235,-1.901788],[125.887706,-1.909275],[125.787446,-1.918715],[125.620291,-1.915623],[125.531098,-1.935968],[125.43214,-1.94964],[125.380626,-1.854099],[125.40211,-1.774672],[125.483246,-1.776951],[125.589854,-1.799086],[125.702891,-1.819268],[125.787852,-1.799493],[125.946137,-1.785821],[126.11671,-1.805759],[126.288829,-1.813165],[126.329112,-1.819268]]],[[[123.132823,-1.765313],[123.130138,-1.846775],[123.093435,-1.768243],[123.132823,-1.765313]]],[[[134.23585,-1.738539],[134.208018,-1.826837],[134.191661,-1.921482],[134.168956,-1.829848],[134.226817,-1.744236],[134.23585,-1.738539]]],[[[130.386485,-1.888279],[130.434337,-1.963311],[130.365489,-2.008559],[130.275238,-2.019138],[130.154307,-2.05877],[130.065929,-2.022638],[129.968923,-2.004978],[129.873383,-1.982029],[129.768077,-1.918145],[129.872569,-1.819268],[129.958751,-1.780694],[130.030772,-1.743829],[130.137055,-1.725274],[130.22047,-1.736017],[130.289073,-1.692153],[130.406261,-1.778985],[130.411794,-1.881768],[130.386485,-1.888279]]],[[[125.314789,-1.778985],[125.321625,-1.864353],[125.188243,-1.881443],[125.091156,-1.89365],[125.021169,-1.933364],[124.914561,-1.922459],[124.828298,-1.895115],[124.711599,-1.952407],[124.581716,-1.994236],[124.45281,-2.012465],[124.335948,-1.888116],[124.338227,-1.807794],[124.373057,-1.705011],[124.442393,-1.654392],[124.518077,-1.626235],[124.632823,-1.631117],[124.729015,-1.650567],[124.815196,-1.669692],[124.938162,-1.703871],[125.02296,-1.723077],[125.096039,-1.764093],[125.120291,-1.682794],[125.195323,-1.721938],[125.284028,-1.731052],[125.314789,-1.778985]]],[[[136.848481,-1.765313],[136.759776,-1.826104],[136.682872,-1.856378],[136.552989,-1.86712],[136.465831,-1.893731],[136.357432,-1.864028],[136.278656,-1.895766],[136.184825,-1.85589],[136.098318,-1.839451],[136.014171,-1.818048],[135.912364,-1.771661],[135.834321,-1.751642],[135.74879,-1.723565],[135.668305,-1.694106],[135.580821,-1.684259],[135.497895,-1.682794],[135.439626,-1.62656],[135.583018,-1.613865],[135.786469,-1.628106],[135.896739,-1.648045],[136.032481,-1.651951],[136.191254,-1.653904],[136.287852,-1.682061],[136.368175,-1.724298],[136.453949,-1.717462],[136.618907,-1.73797],[136.7046,-1.730564],[136.814464,-1.754164],[136.848481,-1.765313]]],[[[106.769054,-2.560317],[106.721934,-2.629327],[106.674815,-2.699802],[106.61199,-2.870375],[106.648936,-2.9638],[106.738455,-3.004571],[106.719574,-3.090102],[106.601248,-3.071059],[106.5171,-3.094822],[106.467052,-3.015313],[106.368663,-2.966974],[106.302013,-2.913263],[106.094005,-2.84059],[106.002452,-2.830743],[105.922537,-2.715997],[105.901622,-2.628676],[105.932628,-2.541925],[105.928884,-2.45672],[105.828787,-2.395115],[105.825938,-2.307224],[105.799083,-2.20086],[105.747569,-2.136],[105.669444,-2.114841],[105.577647,-2.077081],[105.491222,-2.098403],[105.356944,-2.121515],[105.271495,-2.094903],[105.178966,-2.06992],[105.125499,-2.004083],[105.183604,-1.916925],[105.29835,-1.873956],[105.375662,-1.821873],[105.394542,-1.73797],[105.346039,-1.658868],[105.412852,-1.607517],[105.518077,-1.559828],[105.594086,-1.525567],[105.628754,-1.614028],[105.702891,-1.65545],[105.64975,-1.721856],[105.715099,-1.773533],[105.812755,-1.792657],[105.760997,-1.72088],[105.737071,-1.614435],[105.695567,-1.531915],[105.809093,-1.525649],[105.894298,-1.490818],[105.958832,-1.539809],[106.033946,-1.57586],[106.031912,-1.665948],[106.078949,-1.736098],[106.122732,-1.811212],[106.174571,-1.879083],[106.162364,-1.963311],[106.200694,-2.178155],[106.264171,-2.351332],[106.318858,-2.431329],[106.396169,-2.48211],[106.553396,-2.510431],[106.682953,-2.532485],[106.769054,-2.560317]]],[[[135.285655,-1.476739],[135.18686,-1.525649],[135.10434,-1.518243],[135.204763,-1.477716],[135.285655,-1.476739]]],[[[128.145193,-1.594008],[128.126475,-1.693617],[127.933442,-1.682794],[127.703298,-1.690199],[127.568858,-1.732192],[127.432628,-1.686456],[127.383067,-1.61061],[127.399262,-1.527602],[127.425792,-1.439386],[127.510997,-1.421319],[127.624522,-1.329522],[127.713552,-1.344985],[127.784841,-1.402439],[127.858409,-1.434015],[128.008067,-1.504571],[128.070649,-1.556736],[128.145193,-1.594008]]],[[[127.689952,-1.2138],[127.590343,-1.24391],[127.498302,-1.25921],[127.516449,-1.179295],[127.610199,-1.193129],[127.689952,-1.2138]]],[[[123.503103,-1.264418],[123.538422,-1.36061],[123.503103,-1.460056],[123.427582,-1.507989],[123.350108,-1.45672],[123.2588,-1.465997],[123.252289,-1.600844],[123.169932,-1.619399],[123.109141,-1.565688],[123.177257,-1.518243],[123.163585,-1.353774],[123.071951,-1.393976],[123.013927,-1.48561],[122.919932,-1.574477],[122.812022,-1.443617],[122.810883,-1.358087],[122.836111,-1.274021],[122.898692,-1.18434],[122.985362,-1.196059],[123.074229,-1.162693],[123.159353,-1.179295],[123.246104,-1.223403],[123.197602,-1.295505],[123.227794,-1.379653],[123.300792,-1.305922],[123.352224,-1.229181],[123.428477,-1.257745],[123.503103,-1.264418]]],[[[129.954438,-1.162693],[129.882091,-1.219659],[129.762706,-1.210382],[129.858653,-1.142022],[129.937673,-1.156508],[129.954438,-1.162693]]],[[[134.99822,-1.01865],[134.956716,-1.128513],[134.863536,-1.121026],[134.812836,-1.0499],[134.825938,-0.965753],[134.923595,-0.949965],[134.95045,-1.035333],[134.99822,-1.01865]]],[[[131.057384,-1.000665],[131.037364,-1.226332],[131.006602,-1.310805],[130.920909,-1.319594],[130.828949,-1.291436],[130.758067,-1.238214],[130.731212,-1.15838],[130.711925,-1.06992],[130.649425,-0.988377],[130.79005,-0.929295],[130.8685,-0.893813],[130.939708,-0.932306],[131.026622,-0.913995],[131.061534,-0.989923],[131.057384,-1.000665]]],[[[130.917247,-0.778416],[130.871837,-0.844659],[130.762218,-0.876642],[130.617931,-0.908461],[130.51002,-0.922459],[130.400157,-0.929295],[130.44752,-0.860935],[130.550955,-0.834161],[130.631196,-0.806248],[130.718516,-0.824314],[130.800141,-0.801446],[130.873546,-0.764581],[130.917247,-0.778416]]],[[[136.375662,-1.093683],[136.29363,-1.183201],[136.214692,-1.199477],[136.099457,-1.215997],[135.991384,-1.168878],[135.906016,-1.189386],[135.834321,-1.128513],[135.831065,-1.039646],[135.781016,-0.872654],[135.699962,-0.844903],[135.484874,-0.757257],[135.393728,-0.723403],[135.370372,-0.635919],[135.452485,-0.654229],[135.55128,-0.677179],[135.666515,-0.682794],[135.757091,-0.739353],[135.82838,-0.70086],[135.966319,-0.796075],[136.045584,-0.853204],[136.09254,-0.918878],[136.148123,-0.991388],[136.1963,-1.066583],[136.29713,-1.054376],[136.375662,-1.093683]]],[[[127.296153,-0.743748],[127.216563,-0.782403],[127.168956,-0.710219],[127.200857,-0.622817],[127.275076,-0.67254],[127.296153,-0.743748]]],[[[130.677582,-0.435805],[130.654552,-0.516697],[130.571544,-0.531996],[130.461681,-0.52516],[130.493826,-0.450128],[130.582286,-0.433201],[130.670258,-0.430271],[130.677582,-0.435805]]],[[[121.853852,-0.401056],[121.910655,-0.460382],[121.844737,-0.507989],[121.746349,-0.483657],[121.688975,-0.543145],[121.689708,-0.458185],[121.752126,-0.401056],[121.853852,-0.401056]]],[[[104.548513,-0.398045],[104.599376,-0.4638],[104.53419,-0.528578],[104.511241,-0.613946],[104.420421,-0.574965],[104.383637,-0.653497],[104.346039,-0.579197],[104.25587,-0.475518],[104.31186,-0.378351],[104.415782,-0.381931],[104.489268,-0.349379],[104.548513,-0.398045]]],[[[122.029552,-0.332127],[122.006602,-0.41074],[121.898692,-0.407485],[121.922699,-0.316339],[122.004405,-0.330255],[122.029552,-0.332127]]],[[[127.888927,-0.764744],[127.830821,-0.859145],[127.754893,-0.887628],[127.680186,-0.850274],[127.650645,-0.771173],[127.535655,-0.798923],[127.452485,-0.802016],[127.439464,-0.716404],[127.470225,-0.64129],[127.395356,-0.604669],[127.313975,-0.522231],[127.311778,-0.432224],[127.316661,-0.339614],[127.398611,-0.353936],[127.460948,-0.406834],[127.504161,-0.335138],[127.588878,-0.351983],[127.647797,-0.414321],[127.676524,-0.503513],[127.617686,-0.573175],[127.651134,-0.652439],[127.725108,-0.694024],[127.848643,-0.712986],[127.888927,-0.764744]]],[[[127.23463,-0.490411],[127.117361,-0.52516],[127.113943,-0.44199],[127.124766,-0.36004],[127.121104,-0.27809],[127.203461,-0.257257],[127.292491,-0.27809],[127.263357,-0.353123],[127.268809,-0.456313],[127.23463,-0.490411]]],[[[103.712738,-0.269708],[103.756521,-0.346449],[103.670665,-0.363702],[103.580333,-0.372003],[103.490001,-0.361586],[103.522146,-0.243829],[103.628673,-0.234308],[103.712738,-0.269708]]],[[[122.217621,-0.247166],[122.217621,-0.247166]]],[[[122.369151,-0.263849],[122.375987,-0.346449],[122.321544,-0.257908],[122.245616,-0.223403],[122.32781,-0.230564],[122.369151,-0.263849]]],[[[121.574555,-0.18255],[121.633149,-0.124688],[121.600271,-0.20322],[121.574555,-0.18255]]],[[[131.297618,-0.237237],[131.306651,-0.321222],[131.25294,-0.384373],[131.180919,-0.346449],[131.102224,-0.324395],[131.023285,-0.366876],[130.930919,-0.315362],[130.879405,-0.254083],[130.796723,-0.23919],[130.730235,-0.130466],[130.650076,-0.079767],[130.682384,-0.169854],[130.73878,-0.255792],[130.811046,-0.318536],[130.893728,-0.302016],[130.948253,-0.366876],[130.865489,-0.429295],[130.779307,-0.445082],[130.706065,-0.410252],[130.695974,-0.318129],[130.609141,-0.31406],[130.561534,-0.427016],[130.545421,-0.347752],[130.526541,-0.266778],[130.444509,-0.283136],[130.365977,-0.263849],[130.265391,-0.224786],[130.3567,-0.201837],[130.413748,-0.141534],[130.344981,-0.188735],[130.279796,-0.131443],[130.368663,-0.12184],[130.477794,-0.075494],[130.558442,-0.072686],[130.641124,-0.044732],[130.722341,-0.052179],[130.800629,-0.003839],[130.961925,-0.044732],[131.044607,-0.038263],[131.12672,-0.07643],[131.196625,-0.119236],[131.273936,-0.152439],[131.297618,-0.237237]]],[[[104.928966,-0.237237],[105.011485,-0.281508],[104.917166,-0.28753],[104.832856,-0.282403],[104.750743,-0.227146],[104.670909,-0.211602],[104.585134,-0.237237],[104.497895,-0.228123],[104.494477,-0.135675],[104.525076,-0.007745],[104.620372,-0.004246],[104.681326,-0.06524],[104.736583,-0.127374],[104.787771,-0.195571],[104.848888,-0.139581],[104.928966,-0.237237]]],[[[129.536876,-0.13421],[129.549978,-0.214125],[129.458263,-0.113702],[129.372895,-0.079522],[129.337576,0.006781],[129.459809,-0.080173],[129.536876,-0.13421]]],[[[127.459972,-0.003839],[127.391368,0.053046],[127.408865,0.14704],[127.459972,-0.003839]]],[[[104.497081,0.071275],[104.411388,0.091702],[104.41391,0.175849],[104.490082,0.082587],[104.497081,0.071275]]],[[[104.688731,0.071275],[104.606212,0.091783],[104.561534,0.161282],[104.498546,0.223293],[104.688731,0.071275]]],[[[104.405528,0.338813],[104.405528,0.338813]]],[[[127.398692,0.379584],[127.396251,0.281073],[127.337087,0.348782],[127.398692,0.379584]]],[[[104.215831,0.708157],[104.287608,0.650784],[104.215831,0.708157]]],[[[127.378673,0.623033],[127.384939,0.757148],[127.448253,0.70661],[127.410899,0.63227],[127.378673,0.623033]]],[[[104.284028,0.708157],[104.205577,0.72606],[104.249848,0.794745],[104.297699,0.708157],[104.284028,0.708157]]],[[[127.371104,0.784491],[127.285655,0.802151],[127.363455,0.840969],[127.371104,0.784491]]],[[[104.226085,0.880072],[104.187511,0.799262],[104.134125,0.867255],[104.099132,0.94892],[104.166352,0.891791],[104.226085,0.880072]]],[[[97.928477,0.99608],[97.901378,0.905951],[97.904063,0.814887],[97.884532,0.718207],[97.874278,0.622016],[97.819347,0.558539],[97.72641,0.585191],[97.668956,0.658759],[97.647716,0.736314],[97.61378,0.823554],[97.486339,0.914211],[97.395356,0.944892],[97.371593,1.05976],[97.321788,1.140774],[97.271332,1.222235],[97.212657,1.284329],[97.128429,1.382636],[97.205821,1.413804],[97.321056,1.474066],[97.407481,1.514065],[97.4817,1.477444],[97.533539,1.399848],[97.592133,1.339911],[97.693614,1.186021],[97.776541,1.155097],[97.829438,1.082099],[97.90447,1.044013],[97.928477,0.99608]]],[[[125.295095,1.551663],[125.291759,1.465277],[125.215994,1.392727],[125.295095,1.551663]]],[[[127.666026,-0.209242],[127.686534,-0.123875],[127.685395,-0.008315],[127.69752,0.070787],[127.680675,0.162258],[127.713715,0.27733],[127.655121,0.342231],[127.583507,0.407131],[127.561046,0.509426],[127.52947,0.605902],[127.547374,0.715399],[127.604666,0.786038],[127.577485,0.869289],[127.49464,0.905015],[127.503591,0.987209],[127.480479,1.065009],[127.398611,1.065009],[127.425792,1.150702],[127.405935,1.229885],[127.46339,1.314114],[127.526378,1.438544],[127.519379,1.531928],[127.546723,1.615424],[127.559581,1.700832],[127.629731,1.835395],[127.677419,1.907457],[127.746593,1.973131],[127.861095,2.104438],[127.917247,2.172105],[128.003917,2.180609],[128.016124,2.093004],[127.954112,2.017157],[127.904959,1.953437],[127.849294,1.883531],[127.875662,1.807929],[127.954112,1.788153],[128.014903,1.719224],[128.002289,1.633734],[128.03533,1.537991],[128.014903,1.435533],[127.999848,1.352281],[127.958507,1.264594],[127.899425,1.174872],[127.754893,1.078599],[127.671072,1.031806],[127.624522,0.955146],[127.670095,0.878974],[127.735118,0.825914],[127.815603,0.799058],[127.906586,0.852484],[127.932953,0.973212],[127.993907,1.082994],[128.075694,1.125067],[128.160655,1.132148],[128.190603,1.214057],[128.097423,1.236314],[128.154552,1.319281],[128.2046,1.38996],[128.2824,1.442613],[128.357677,1.495063],[128.437266,1.539293],[128.519298,1.53559],[128.604666,1.57689],[128.719493,1.570624],[128.68393,1.483344],[128.726817,1.408759],[128.746593,1.321275],[128.714366,1.24315],[128.708507,1.103461],[128.563324,1.007392],[128.474783,0.962592],[128.31544,0.901557],[128.292979,0.81802],[128.215099,0.794623],[128.268728,0.715562],[128.343435,0.657782],[128.43629,0.638861],[128.520193,0.594428],[128.600352,0.570868],[128.680837,0.554511],[128.684581,0.470689],[128.685395,0.382025],[128.762218,0.321438],[128.850434,0.289862],[128.900157,0.221991],[128.700369,0.290961],[128.597911,0.315619],[128.513438,0.346829],[128.449555,0.396796],[128.361501,0.400214],[128.262218,0.391343],[128.168468,0.441881],[128.070323,0.463365],[127.978689,0.472561],[127.896495,0.355658],[127.906098,0.275377],[127.921235,0.145575],[127.884613,0.067043],[127.892426,-0.017185],[127.933442,-0.106785],[127.973155,-0.196873],[127.99171,-0.281427],[128.035492,-0.395929],[128.084483,-0.48089],[128.138927,-0.558689],[128.227794,-0.709568],[128.337657,-0.812595],[128.420421,-0.883071],[128.284028,-0.878188],[128.249522,-0.796482],[128.048839,-0.712823],[127.968516,-0.559503],[127.912364,-0.476739],[127.868826,-0.389337],[127.777599,-0.328058],[127.708344,-0.287042],[127.666026,-0.209242]]],[[[125.43214,2.387681],[125.43214,2.387681]]],[[[128.686371,2.483954],[128.681651,2.399075],[128.645518,2.326239],[128.585216,2.154853],[128.509532,2.062445],[128.344981,2.039944],[128.269054,1.995347],[128.251964,2.089423],[128.24879,2.175442],[128.217133,2.257392],[128.276622,2.36872],[128.321137,2.458645],[128.400727,2.518378],[128.457367,2.590074],[128.545909,2.623847],[128.620128,2.560452],[128.686371,2.483954]]],[[[125.443614,2.793036],[125.404959,2.716702],[125.421072,2.633938],[125.359711,2.72309],[125.387218,2.802395],[125.443614,2.793036]]],[[[125.652517,3.469631],[125.617198,3.395087],[125.524181,3.450588],[125.517589,3.539049],[125.442149,3.637763],[125.442068,3.736558],[125.534516,3.683051],[125.57545,3.610785],[125.61378,3.525377],[125.652517,3.469631]]],[[[126.743993,3.853385],[126.833005,3.795959],[126.739012,3.823801],[126.743993,3.853385]]],[[[126.656547,3.981478],[126.712629,3.920714],[126.696089,3.812256],[126.661431,3.897677],[126.620096,3.991324],[126.656547,3.981478]]],[[[126.870709,4.331393],[126.863536,4.210639],[126.808307,4.086611],[126.758897,3.993006],[126.67642,4.004483],[126.720929,4.096468],[126.758697,4.1852],[126.7107,4.264137],[126.699962,4.355455],[126.739513,4.47309],[126.768728,4.550279],[126.843028,4.504869],[126.868907,4.414374],[126.870709,4.331393]]],[[[122.36085,-8.432875],[122.36085,-8.432875]]],[[[121.710297,-8.288751],[121.710297,-8.288751]]],[[[121.779796,-7.343438],[121.779796,-7.343438]]],[[[114.593761,-7.130548],[114.511241,-7.159275],[114.593761,-7.130548]]],[[[114.369255,-7.089583],[114.391856,-7.178888],[114.306558,-7.148779],[114.294826,-7.054666],[114.369255,-7.089583]]],[[[123.365733,-1.67311],[123.317719,-1.774509],[123.330251,-1.69492],[123.365733,-1.67311]]],[[[122.139415,-0.38421],[122.059906,-0.353936],[122.076671,-0.269138],[122.131684,-0.337986],[122.139415,-0.38421]]],[[[130.066661,-7.762628],[130.066661,-7.762628]]],[[[130.007823,-7.724867],[130.007823,-7.724867]]],[[[129.675141,-7.571547],[129.675141,-7.571547]]],[[[129.125011,-6.993259],[129.125011,-6.993259]]],[[[129.484548,-6.755304],[129.484548,-6.755304]]],[[[130.013682,-6.328383],[130.013682,-6.328383]]],[[[127.55128,-5.512384],[127.55128,-5.512384]]],[[[127.554861,-5.490492],[127.554861,-5.490492]]],[[[127.79005,-5.409601],[127.79005,-5.409601]]],[[[127.776866,-5.34881],[127.776866,-5.34881]]],[[[131.986501,-5.317641],[131.986501,-5.317641]]],[[[129.757823,-4.522556],[129.757823,-4.522556]]],[[[134.310313,0.756496],[134.310313,0.756496]]],[[[131.236339,1.019355],[131.236339,1.019355]]],[[[131.255626,1.068793],[131.255626,1.068793]]],[[[126.394867,1.339342],[126.394867,1.339342]]],[[[125.393403,2.118232],[125.393403,2.118232]]],[[[126.591156,5.557115],[126.591156,5.557115]]],[[[121.614106,-10.602472],[121.531423,-10.638442],[121.614106,-10.602472]]],[[[115.89088,-7.10711],[115.875743,-7.185724],[115.757335,-7.169692],[115.842784,-7.157647],[115.89088,-7.10711]]],[[[134.727794,-6.504571],[134.656261,-6.559015],[134.631358,-6.475844],[134.719493,-6.486261],[134.727794,-6.504571]]],[[[110.431326,-5.837335],[110.431326,-5.837335]]],[[[134.212738,-5.758722],[134.212738,-5.758722]]],[[[133.591807,-2.461521],[133.507091,-2.460219],[133.591807,-2.461521]]],[[[123.600597,-1.603285],[123.608653,-1.688735],[123.522146,-1.705824],[123.478526,-1.634535],[123.481944,-1.544692],[123.537364,-1.48504],[123.555919,-1.563409],[123.600597,-1.603285]]],[[[128.367361,-0.988377],[128.367361,-0.988377]]],[[[129.902354,-0.408461],[129.888194,-0.494724],[129.87379,-0.414972],[129.902354,-0.408461]]],[[[98.547597,0.159327],[98.673149,0.169812],[98.766855,0.166261],[98.851685,0.109621],[98.763256,0.086648],[98.650123,0.079622],[98.53874,0.090335],[98.547597,0.159327]]],[[[104.724864,0.749661],[104.724864,0.749661]]],[[[104.659434,0.845893],[104.659434,0.845893]]],[[[125.172211,1.799221],[125.172211,1.799221]]],[[[127.130382,4.7744],[127.130382,4.7744]]]]}},{"type":"Feature","properties":{"name":"Vietnam"},"geometry":{"type":"MultiPolygon","coordinates":[[[[107.520393,14.704582],[107.494296,14.788763],[107.540598,14.856846],[107.48949,14.940304],[107.444687,15.011824],[107.518997,15.04885],[107.584988,15.104299],[107.623591,15.187239],[107.664105,15.268552],[107.598476,15.330616],[107.573154,15.411231],[107.489645,15.437922],[107.447891,15.508124],[107.316426,15.58874],[107.239118,15.645119],[107.215295,15.727517],[107.148787,15.773457],[107.186253,15.859395],[107.305057,15.899134],[107.390633,15.935824],[107.444738,16.00998],[107.355907,16.059279],[107.275912,16.084032],[107.212815,16.146664],[107.13599,16.184784],[107.108273,16.267484],[107.014325,16.29942],[106.946009,16.346135],[106.876298,16.418017],[106.86405,16.504058],[106.786122,16.469125],[106.692898,16.427887],[106.64117,16.510363],[106.624943,16.59351],[106.549754,16.637797],[106.53355,16.950638],[106.45653,16.97359],[106.387129,17.047178],[106.336537,17.128568],[106.301656,17.202],[106.284551,17.284786],[106.207295,17.246287],[106.019296,17.394495],[105.932324,17.495729],[105.846025,17.597997],[105.735282,17.664039],[105.692029,17.744086],[105.64397,17.820102],[105.594154,17.888108],[105.603431,17.969184],[105.551882,18.047943],[105.496072,18.118146],[105.451423,18.192715],[105.377474,18.155689],[105.29505,18.195609],[105.229266,18.255321],[105.166169,18.306791],[105.113976,18.405131],[105.085244,18.495771],[105.113615,18.580831],[105.112684,18.698343],[104.99016,18.733018],[104.909234,18.745679],[104.81539,18.773661],[104.721959,18.792007],[104.646201,18.832547],[104.556078,18.89647],[104.497683,18.967991],[104.413244,18.983106],[104.35516,19.047882],[104.274338,19.093461],[104.198115,19.146946],[104.036729,19.230249],[103.943143,19.245596],[103.876739,19.2958],[103.941025,19.38135],[104.0204,19.414992],[104.081274,19.479303],[104.071559,19.559143],[103.997662,19.652522],[104.088716,19.651902],[104.200203,19.698586],[104.295267,19.654874],[104.380068,19.685285],[104.449107,19.635159],[104.522798,19.599373],[104.604963,19.606479],[104.65478,19.697972],[104.736738,19.745669],[104.805003,19.790886],[104.760716,19.86145],[104.835337,19.938887],[104.922463,19.982244],[104.943651,20.060947],[104.904893,20.134638],[104.819162,20.220989],[104.733586,20.204763],[104.653023,20.225795],[104.688628,20.301036],[104.628425,20.365812],[104.432364,20.411055],[104.366425,20.458494],[104.444973,20.534613],[104.542642,20.535699],[104.607237,20.619053],[104.543882,20.678739],[104.466161,20.749639],[104.389059,20.770981],[104.323224,20.833872],[104.269067,20.896193],[104.193877,20.929886],[104.114244,20.947043],[104.010581,20.908079],[103.932136,20.891801],[103.850488,20.864774],[103.775557,20.834905],[103.758607,20.749742],[103.713752,20.679824],[103.597376,20.722354],[103.516141,20.74535],[103.452579,20.804313],[103.363799,20.787621],[103.263392,20.826378],[103.183655,20.837076],[103.08671,20.901981],[103.0371,20.995464],[102.974107,21.067656],[102.925885,21.14064],[102.892975,21.215089],[102.809156,21.25059],[102.875198,21.305316],[102.883828,21.38836],[102.89499,21.495278],[102.954108,21.55729],[102.961756,21.701519],[102.864501,21.705653],[102.826467,21.821305],[102.786676,21.739914],[102.721151,21.661676],[102.636815,21.683639],[102.634593,21.787767],[102.59103,21.901352],[102.515892,21.939179],[102.471244,22.005996],[102.415226,22.073486],[102.358072,22.134722],[102.286449,22.200041],[102.20697,22.245413],[102.152813,22.310836],[102.118655,22.397549],[102.20356,22.412483],[102.252549,22.495476],[102.376882,22.615572],[102.407268,22.693448],[102.442718,22.765175],[102.526331,22.725952],[102.606119,22.696704],[102.692729,22.670504],[102.771225,22.617794],[102.845174,22.585238],[102.893698,22.487362],[102.989093,22.437598],[103.058288,22.495476],[103.142004,22.537799],[103.168462,22.626475],[103.244891,22.668695],[103.309642,22.787938],[103.387518,22.745176],[103.447515,22.618259],[103.546217,22.631436],[103.568334,22.724971],[103.646934,22.799049],[103.726412,22.716289],[103.794212,22.659445],[103.866817,22.575419],[103.940715,22.524673],[104.003398,22.614951],[104.02381,22.719183],[104.073316,22.782667],[104.213256,22.825016],[104.236821,22.742076],[104.325239,22.692518],[104.449004,22.745176],[104.53334,22.814397],[104.629045,22.820779],[104.715344,22.827083],[104.774204,22.896226],[104.797923,23.085569],[104.865516,23.133473],[104.945201,23.159828],[105.015688,23.206827],[105.142398,23.25375],[105.223892,23.281707],[105.280064,23.358782],[105.34404,23.304186],[105.425895,23.273206],[105.473851,23.194503],[105.534829,23.136263],[105.56599,23.054098],[105.66495,23.043375],[105.74324,23.010793],[105.835689,22.917233],[105.94483,22.927697],[106.077587,22.981027],[106.170036,22.966015],[106.227087,22.875556],[106.31566,22.8538],[106.457977,22.888966],[106.566963,22.903771],[106.632747,22.849614],[106.714912,22.826101],[106.789843,22.797188],[106.739562,22.726779],[106.705094,22.646112],[106.667887,22.569114],[106.587995,22.607768],[106.545879,22.472531],[106.536525,22.360548],[106.617295,22.322773],[106.662926,22.223296],[106.661479,22.136324],[106.667887,22.042687],[106.658947,21.962795],[106.728761,22.008322],[106.840538,21.973595],[106.920378,21.916958],[107.009364,21.927448],[106.987144,21.844818],[107.065847,21.795828],[107.172352,21.715058],[107.272656,21.718314],[107.329655,21.616046],[107.40996,21.645398],[107.473781,21.59057],[107.592843,21.605607],[107.690253,21.624728],[107.777896,21.655992],[107.855463,21.600336],[107.930962,21.534242],[107.948578,21.454983],[107.909679,21.526516],[107.835948,21.488349],[107.752208,21.513617],[107.748546,21.4112],[107.666026,21.406806],[107.621349,21.335517],[107.540375,21.337348],[107.461681,21.309272],[107.367442,21.273383],[107.35434,21.191474],[107.360606,21.102118],[107.357677,21.015204],[107.266449,21.004299],[107.19337,20.952704],[107.084972,20.951402],[107.149181,21.03384],[107.063243,21.009345],[107.000987,20.951077],[106.9192,20.965766],[106.867931,20.882717],[106.783214,20.942572],[106.805675,21.019843],[106.710297,21.020168],[106.733735,20.942206],[106.726899,20.861396],[106.738455,20.769721],[106.805919,20.677558],[106.725597,20.693752],[106.669688,20.636461],[106.586762,20.663275],[106.621349,20.590399],[106.518565,20.540961],[106.579926,20.478258],[106.584158,20.381822],[106.592593,20.275411],[106.521658,20.313463],[106.572325,20.246677],[106.473155,20.215155],[106.390147,20.216295],[106.340343,20.14997],[106.259288,20.061265],[106.184093,20.003607],[106.107107,19.964993],[106.031912,19.999172],[105.964366,19.935289],[105.935802,19.848293],[105.867442,19.773179],[105.855968,19.691636],[105.823904,19.598944],[105.808116,19.460761],[105.786876,19.383043],[105.812755,19.307034],[105.772309,19.235989],[105.729828,19.133857],[105.643809,19.065375],[105.613292,18.985541],[105.648285,18.892727],[105.716645,18.848334],[105.757579,18.77204],[105.754731,18.676256],[105.766775,18.755601],[105.795177,18.676459],[105.825938,18.593899],[105.879242,18.510932],[105.949474,18.471015],[106.000499,18.385403],[106.098155,18.290025],[106.181163,18.259711],[106.262218,18.209459],[106.332286,18.145209],[106.34669,18.059475],[106.422374,18.128363],[106.518565,17.957017],[106.466075,17.890204],[106.460704,17.799384],[106.495372,17.717963],[106.410655,17.747016],[106.306651,17.771918],[106.42921,17.731147],[106.504405,17.682766],[106.565929,17.598049],[106.614757,17.518704],[106.65919,17.449937],[106.763927,17.335517],[106.946625,17.20539],[107.111827,17.088284],[107.132579,17.009833],[107.186534,16.934394],[107.141775,16.867743],[107.216482,16.907945],[107.378673,16.773383],[107.497813,16.689032],[107.604666,16.595689],[107.473643,16.653144],[107.543956,16.600572],[107.635265,16.559272],[107.703136,16.51439],[107.781749,16.427558],[107.80714,16.32274],[107.882172,16.278062],[107.930919,16.343411],[108.011974,16.319037],[108.094493,16.236518],[108.178722,16.214748],[108.142833,16.119371],[108.220958,16.09162],[108.210134,16.011298],[108.240896,16.090522],[108.317393,16.134711],[108.258556,16.07099],[108.282319,15.990058],[108.358653,15.915432],[108.424083,15.805732],[108.618663,15.529242],[108.652517,15.438788],[108.733409,15.417914],[108.779796,15.339586],[108.814464,15.41474],[108.877452,15.34398],[108.91212,15.263495],[108.902354,15.168647],[108.9192,15.057807],[108.942638,14.97956],[109.005626,14.838772],[109.080821,14.729478],[109.081798,14.606391],[109.108165,14.488715],[109.129161,14.397406],[109.181407,14.304755],[109.190929,14.220526],[109.239024,14.133002],[109.252696,14.03262],[109.266368,13.920722],[109.300466,13.797797],[109.259532,13.87401],[109.239513,13.787665],[109.236827,13.699612],[109.257172,13.605618],[109.2942,13.530341],[109.25294,13.60163],[109.286794,13.509223],[109.334646,13.440904],[109.262543,13.489325],[109.234141,13.410061],[109.307384,13.352769],[109.272634,13.263251],[109.311778,13.181708],[109.331391,13.093573],[109.396658,13.002753],[109.458263,12.924058],[109.435883,12.844875],[109.375662,12.790351],[109.420746,12.691311],[109.452403,12.583238],[109.403494,12.687445],[109.362559,12.762519],[109.269542,12.712307],[109.204926,12.64643],[109.204926,12.559719],[109.29835,12.477973],[109.345958,12.396308],[109.258962,12.392564],[109.185069,12.45893],[109.21046,12.363186],[109.204926,12.262885],[109.211192,12.172838],[109.213878,12.068101],[109.258311,11.986762],[109.270844,11.895006],[109.222667,11.981635],[109.195811,12.074897],[109.208181,11.97663],[109.156505,11.899115],[109.192882,11.827541],[109.242931,11.735663],[109.191254,11.671942],[109.154063,11.596991],[109.067068,11.583808],[109.028331,11.47427],[109.022472,11.367621],[108.951671,11.310126],[108.873871,11.333889],[108.787852,11.300686],[108.745616,11.207099],[108.656261,11.192816],[108.577403,11.179145],[108.500336,11.120836],[108.447032,11.049465],[108.368826,11.022773],[108.325206,10.951565],[108.13502,10.92768],[108.065684,10.867987],[108.035411,10.772773],[107.998302,10.699368],[107.919444,10.721096],[107.823904,10.692369],[107.731293,10.637885],[107.644542,10.600653],[107.570486,10.562242],[107.511404,10.501654],[107.429535,10.468451],[107.344981,10.450426],[107.271983,10.378485],[107.190196,10.405178],[107.149425,10.477932],[107.066091,10.480862],[107.031912,10.607489],[106.984141,10.699368],[107.002452,10.617092],[107.025645,10.535468],[106.997813,10.624905],[106.991954,10.540107],[106.890554,10.644639],[106.80128,10.666938],[106.769054,10.592271],[106.720876,10.515041],[106.638031,10.47899],[106.724132,10.474066],[106.781993,10.407782],[106.795421,10.30683],[106.704112,10.289049],[106.598318,10.28852],[106.487559,10.30272],[106.720876,10.199693],[106.793142,10.162502],[106.737071,10.054145],[106.664236,10.00609],[106.576915,9.991034],[106.498057,10.035834],[106.359874,10.220689],[106.461681,10.035712],[106.561534,9.979153],[106.670584,9.90941],[106.637869,9.825995],[106.504405,9.905463],[106.39503,9.974351],[106.144867,10.228583],[106.172862,10.147528],[106.24643,10.07746],[106.306651,10.016669],[106.363617,9.96011],[106.475759,9.861802],[106.527517,9.762193],[106.580577,9.699693],[106.563162,9.614325],[106.497244,9.549994],[106.398204,9.54206],[106.250336,9.631171],[106.064708,9.804267],[105.97047,9.920844],[105.904063,9.976467],[105.819021,10.007961],[105.90211,9.916693],[106.073497,9.747952],[106.197032,9.541164],[106.205821,9.457343],[106.19337,9.36933],[106.01824,9.315253],[105.868256,9.254706],[105.759939,9.210924],[105.538748,9.12934],[105.470225,9.061957],[105.413259,9.004706],[105.333976,8.839699],[105.25882,8.760465],[105.154407,8.705858],[105.101472,8.634275],[104.856212,8.565579],[104.752208,8.590766],[104.819102,8.654039],[104.911632,8.685207],[104.919119,8.770453],[104.816661,8.771308],[104.785401,8.856102],[104.811717,8.937049],[104.807073,9.045571],[104.811046,9.132636],[104.825531,9.340033],[104.832774,9.514472],[104.856558,9.738037],[104.892789,9.851095],[104.976899,9.871243],[105.054861,9.933417],[105.113292,9.857082],[105.107107,9.952704],[105.042654,10.05508],[104.963878,10.105862],[104.868907,10.116116],[104.804861,10.207099],[104.707367,10.222317],[104.654145,10.14883],[104.59254,10.210273],[104.551524,10.295885],[104.499034,10.370592],[104.535975,10.487991],[104.625531,10.533363],[104.724425,10.521338],[104.8188,10.517189],[104.919725,10.618009],[105.042456,10.690821],[105.030467,10.811641],[105.017858,10.899594],[105.097543,10.914348],[105.209145,10.891647],[105.303009,10.844016],[105.357269,10.907966],[105.443362,10.952976],[105.523603,10.951294],[105.61724,10.970837],[105.6973,11.010233],[105.787424,10.965973],[105.84003,10.869699],[105.92049,10.85815],[106.0179,10.819806],[106.12885,10.791358],[106.126938,10.908999],[106.180836,10.970262],[106.160321,11.053512],[106.076502,11.077025],[106.013146,11.13927],[105.920439,11.203322],[105.873516,11.275902],[105.859977,11.379307],[105.85667,11.496276],[105.80334,11.56622],[105.840857,11.658153],[105.934081,11.642856],[105.983071,11.706677],[106.061205,11.762901],[106.154636,11.746313],[106.24321,11.714583],[106.343669,11.689055],[106.425834,11.66208],[106.398859,11.746313],[106.420253,11.830959],[106.40351,11.94289],[106.504537,11.973379],[106.638586,11.961131],[106.721113,11.996375],[106.771963,12.065828],[106.879295,12.062727],[106.977687,12.097247],[107.046003,12.164375],[107.104242,12.221219],[107.211884,12.30571],[107.320198,12.329223],[107.373787,12.269433],[107.449648,12.299044],[107.522253,12.366585],[107.55667,12.472676],[107.566953,12.573911],[107.540081,12.716693],[107.535947,12.799633],[107.487371,12.870559],[107.466081,12.952182],[107.561597,13.262014],[107.606951,13.369754],[107.604315,13.498531],[107.514295,13.69255],[107.462257,13.761202],[107.435385,13.869697],[107.431044,13.955997],[107.354563,14.002402],[107.333634,14.098546],[107.358594,14.238615],[107.349912,14.321556],[107.382262,14.404574],[107.464737,14.449042],[107.500084,14.52976],[107.527266,14.652828],[107.520393,14.704582]]],[[[106.210704,9.620917],[106.292003,9.586412],[106.212413,9.599758],[106.13738,9.654364],[106.087169,9.754625],[106.155447,9.678941],[106.210704,9.620917]]],[[[106.724132,10.268622],[106.559581,10.275377],[106.70281,10.27558],[106.724132,10.268622]]],[[[107.172048,10.464586],[107.156749,10.385484],[107.087169,10.323188],[107.119884,10.401313],[107.172048,10.464586]]],[[[106.93629,10.439276],[106.88795,10.370998],[106.892345,10.465277],[106.93629,10.439276]]],[[[106.908946,10.532375],[106.871267,10.607652],[106.929698,10.549058],[106.908946,10.532375]]],[[[109.32838,12.221259],[109.245291,12.221259],[109.32838,12.221259]]],[[[106.662608,8.739814],[106.600434,8.684963],[106.658376,8.766669],[106.662608,8.739814]]],[[[106.498057,9.891181],[106.422374,9.932807],[106.498057,9.891181]]],[[[104.082042,10.370998],[104.08546,10.248114],[104.046641,10.151068],[104.05128,10.069322],[103.983653,10.158759],[103.937185,10.266059],[103.857432,10.320868],[103.933767,10.36636],[103.983409,10.442206],[104.082042,10.370998]]],[[[106.874278,10.460395],[106.791677,10.437161],[106.754731,10.51557],[106.785899,10.601386],[106.853526,10.539008],[106.874278,10.460395]]],[[[107.080333,20.800442],[107.055024,20.721666],[106.962413,20.77497],[106.946788,20.855536],[107.035981,20.857367],[107.100841,20.804267],[107.080333,20.800442]]],[[[106.840099,20.879869],[106.886485,20.796129],[106.82252,20.853502],[106.785411,20.930813],[106.840099,20.879869]]],[[[107.525401,20.910305],[107.48463,20.821723],[107.516124,20.895657],[107.525401,20.910305]]],[[[107.745128,21.020168],[107.738292,20.937649],[107.745128,21.020168]]],[[[107.532725,21.020168],[107.522227,20.936428],[107.41212,20.899482],[107.49171,20.964911],[107.532725,21.040595],[107.532725,21.020168]]],[[[107.621267,21.116034],[107.595958,21.03913],[107.621267,21.116034]]],[[[107.580577,21.211982],[107.504161,21.139716],[107.435313,21.081448],[107.413422,21.166327],[107.446544,21.25316],[107.525401,21.222154],[107.580577,21.211982]]],[[[107.813487,21.3605],[107.711436,21.307563],[107.783946,21.35635],[107.813487,21.3605]]],[[[107.868663,21.390082],[107.998302,21.403754],[107.922374,21.372626],[107.841156,21.348538],[107.868663,21.390082]]],[[[108.942556,10.551947],[108.942556,10.551947]]],[[[109.393403,12.601874],[109.312022,12.614325],[109.393403,12.601874]]],[[[107.36964,20.825914],[107.36964,20.825914]]],[[[107.382172,20.887885],[107.382172,20.887885]]],[[[107.825694,21.02497],[107.825694,21.02497]]]]}},{"type":"Feature","properties":{"name":"Cambodia"},"geometry":{"type":"MultiPolygon","coordinates":[[[[107.520393,14.704582],[107.504011,14.602107],[107.485718,14.509529],[107.455745,14.433875],[107.379419,14.395453],[107.352134,14.31259],[107.324746,14.143866],[107.346863,14.061675],[107.40903,13.999922],[107.445152,13.926645],[107.446237,13.839389],[107.471765,13.746087],[107.596925,13.535066],[107.610516,13.400372],[107.574907,13.293633],[107.460396,13.021609],[107.468355,12.941098],[107.494296,12.858751],[107.538634,12.773433],[107.565093,12.606415],[107.55176,12.520064],[107.527266,12.391131],[107.473781,12.315373],[107.415851,12.254085],[107.343814,12.315115],[107.227824,12.310592],[107.152508,12.27703],[107.077577,12.20277],[106.977687,12.097247],[106.879295,12.062727],[106.790562,12.067409],[106.721113,11.996375],[106.630628,11.976169],[106.504537,11.973379],[106.417463,11.975859],[106.433121,11.888371],[106.418289,11.803415],[106.426093,11.700476],[106.343669,11.689055],[106.250754,11.706057],[106.154636,11.746313],[106.061205,11.762901],[105.988755,11.718976],[105.934081,11.642856],[105.840857,11.658153],[105.790421,11.587408],[105.857807,11.535628],[105.872173,11.443463],[105.843441,11.304091],[105.899871,11.218593],[105.988755,11.176967],[106.063066,11.093329],[106.148745,11.070721],[106.187864,10.976308],[106.123424,10.927448],[106.177322,10.766863],[106.072212,10.796861],[105.992579,10.837815],[105.931342,10.896364],[105.878684,10.828074],[105.828558,10.904503],[105.769699,10.996462],[105.674045,10.99641],[105.523603,10.951294],[105.443362,10.952976],[105.357269,10.907966],[105.303009,10.844016],[105.209145,10.891647],[105.111754,10.909568],[105.029072,10.914089],[105.030467,10.811641],[105.066744,10.713947],[104.944323,10.641625],[104.878538,10.555972],[104.773842,10.515328],[104.625531,10.533363],[104.544295,10.503779],[104.494273,10.427737],[104.407563,10.446112],[104.33253,10.487738],[104.274181,10.54914],[104.181163,10.549547],[104.089041,10.554633],[103.976085,10.582506],[103.894298,10.658393],[103.854259,10.586493],[103.791026,10.535793],[103.709321,10.559231],[103.655772,10.495185],[103.598399,10.556627],[103.523692,10.611233],[103.54713,10.688951],[103.684174,10.74079],[103.701427,10.822211],[103.707367,10.930121],[103.659516,11.029771],[103.604015,11.090644],[103.53297,11.162746],[103.448009,11.090399],[103.430837,11.006496],[103.420177,10.920966],[103.352306,10.871894],[103.277354,10.932685],[103.208751,10.878567],[103.12672,10.881293],[103.108409,10.967027],[103.100841,11.053127],[103.118988,11.131985],[103.093272,11.210842],[103.105642,11.299058],[103.095958,11.380357],[103.114513,11.458238],[103.057302,11.525214],[103.03712,11.604926],[102.98463,11.536322],[102.982432,11.624823],[103.00294,11.714179],[103.084972,11.727851],[102.982432,11.714179],[102.932628,11.77912],[102.966563,11.697455],[102.965017,11.609931],[102.925118,11.725797],[102.885172,11.807704],[102.797115,11.952967],[102.77107,12.037354],[102.699963,12.138743],[102.715053,12.342194],[102.765127,12.416349],[102.704821,12.480325],[102.588549,12.609826],[102.501784,12.649772],[102.482716,12.735219],[102.489744,12.823094],[102.474086,12.90526],[102.486643,12.98479],[102.401894,13.103],[102.329187,13.272629],[102.333629,13.406263],[102.330115,13.496361],[102.371301,13.568914],[102.452227,13.562171],[102.532532,13.573824],[102.54235,13.669709],[102.674952,13.741901],[102.729109,13.832154],[102.772827,13.936076],[102.854993,14.004004],[102.88326,14.086945],[102.91393,14.164946],[102.987801,14.219004],[103.085005,14.295821],[103.198589,14.328506],[103.341371,14.350908],[103.422503,14.384834],[103.533401,14.419069],[103.616807,14.414548],[103.716542,14.381526],[103.807286,14.365998],[103.885162,14.340418],[103.973994,14.36729],[104.07373,14.370752],[104.173259,14.396022],[104.271237,14.399071],[104.439185,14.361424],[104.526519,14.363543],[104.594628,14.41],[104.674727,14.414651],[104.757926,14.433048],[104.838489,14.411447],[104.955123,14.386281],[104.975949,14.301118],[105.025351,14.224378],[105.132218,14.280706],[105.184308,14.34574],[105.256913,14.182443],[105.329467,14.117563],[105.422175,14.107874],[105.50527,14.145055],[105.594567,14.136348],[105.669343,14.100407],[105.758898,14.062476],[105.873051,13.936851],[105.973975,13.92928],[106.069163,13.916542],[106.094071,13.996175],[106.144559,14.072398],[106.076191,14.174511],[106.012474,14.225774],[105.993406,14.30595],[106.058105,14.353104],[106.15412,14.367548],[106.220782,14.473485],[106.296746,14.447879],[106.393795,14.456173],[106.445781,14.529088],[106.512496,14.590351],[106.54376,14.512113],[106.622049,14.457594],[106.707161,14.429301],[106.766692,14.348324],[106.835835,14.307061],[106.923478,14.321918],[106.997376,14.395143],[107.078559,14.400776],[107.158709,14.451522],[107.230281,14.518262],[107.28728,14.598516],[107.361384,14.557924],[107.433266,14.59433],[107.506905,14.693445],[107.520393,14.704582]]],[[[103.784434,10.515041],[103.784434,10.515041]]],[[[103.29713,10.731024],[103.213634,10.733344],[103.294932,10.73843],[103.29713,10.731024]]],[[[103.03712,11.357896],[103.043305,11.273424],[102.989268,11.337388],[102.989268,11.426174],[103.03712,11.357896]]],[[[103.030284,11.501899],[103.030284,11.501899]]],[[[103.334158,10.58393],[103.334158,10.58393]]]]}},{"type":"Feature","properties":{"name":"Thailand"},"geometry":{"type":"MultiPolygon","coordinates":[[[[102.913585,11.645901],[102.906749,11.741441],[102.82545,11.85814],[102.777029,11.967434],[102.631847,12.152045],[102.573904,12.208726],[102.571625,12.090969],[102.473643,12.148993],[102.366222,12.186021],[102.286469,12.202541],[102.263194,12.289537],[102.351899,12.323676],[102.286143,12.385688],[102.222179,12.440375],[102.263031,12.357001],[102.16684,12.385728],[102.087169,12.464748],[102.047862,12.542304],[101.960785,12.537258],[101.892589,12.583726],[101.848806,12.654527],[101.782725,12.701117],[101.686371,12.702135],[101.622081,12.649644],[101.539073,12.631741],[101.442882,12.624823],[101.323497,12.642157],[101.087738,12.680609],[100.988617,12.649359],[100.899587,12.652655],[100.837413,12.707913],[100.899181,12.773505],[100.906098,12.853217],[100.868175,12.929023],[100.928396,12.992499],[100.905772,13.074408],[100.915782,13.154853],[100.933604,13.256008],[100.932384,13.338121],[100.985118,13.417711],[100.888927,13.468248],[100.771332,13.491156],[100.679861,13.509223],[100.592052,13.554511],[100.429942,13.489325],[100.337169,13.481879],[100.253266,13.485785],[100.150401,13.444037],[100.069347,13.417385],[100.001313,13.372016],[99.960704,13.292426],[99.998546,13.218085],[100.059825,13.165676],[100.10434,13.057318],[100.060069,12.980292],[100.029307,12.861802],[99.987641,12.790473],[99.965017,12.71015],[99.960948,12.625393],[99.980805,12.540351],[99.980805,12.454657],[100.012218,12.36872],[99.9817,12.279934],[100.019705,12.202216],[99.981456,12.117174],[99.855317,11.968411],[99.823253,11.878648],[99.817068,11.77558],[99.751801,11.709866],[99.670584,11.577867],[99.636078,11.481838],[99.599946,11.384223],[99.566254,11.276313],[99.586192,11.195136],[99.508149,11.162177],[99.512055,11.056952],[99.494151,10.967475],[99.51531,10.881537],[99.439708,10.820054],[99.375011,10.711982],[99.313162,10.647366],[99.288259,10.562934],[99.25172,10.483954],[99.288748,10.412014],[99.234141,10.343695],[99.151622,10.357367],[99.206309,10.25434],[99.186778,10.172431],[99.153494,10.075832],[99.158458,9.990546],[99.165294,9.867621],[99.144786,9.788235],[99.167247,9.688137],[99.212087,9.597724],[99.26531,9.46601],[99.323578,9.391547],[99.235525,9.33633],[99.255056,9.232489],[99.350759,9.219184],[99.443858,9.19599],[99.514415,9.253241],[99.593516,9.274848],[99.672374,9.302191],[99.752778,9.31977],[99.853526,9.294664],[99.886485,9.157904],[99.919444,9.038398],[99.919444,8.955797],[99.92628,8.863349],[99.959239,8.637641],[100.040782,8.545559],[100.075938,8.470404],[100.134044,8.403754],[100.164806,8.50137],[100.271495,8.317084],[100.302908,8.118557],[100.342459,7.938788],[100.367361,7.825588],[100.440196,7.476996],[100.500627,7.333995],[100.554401,7.249834],[100.472423,7.258857],[100.429073,7.326387],[100.410004,7.458319],[100.389508,7.566181],[100.302989,7.540676],[100.326996,7.655219],[100.306977,7.75788],[100.230968,7.784817],[100.156423,7.733385],[100.154633,7.61579],[100.17921,7.531195],[100.260509,7.393622],[100.32488,7.339789],[100.381196,7.275702],[100.41086,7.198637],[100.477786,7.146163],[100.580821,7.167629],[100.765147,6.98314],[100.849946,6.962063],[100.948108,6.880731],[101.026703,6.85635],[101.191417,6.861884],[101.277731,6.896256],[101.38521,6.90522],[101.471202,6.884019],[101.557384,6.841783],[101.668305,6.658637],[101.723481,6.574408],[101.771658,6.500718],[101.908702,6.401923],[102.02003,6.29564],[102.066656,6.204748],[102.060002,6.094797],[101.959388,6.011598],[101.919753,5.940259],[101.912931,5.859308],[101.854744,5.797658],[101.784154,5.7381],[101.714752,5.782904],[101.630778,5.828405],[101.579308,5.906333],[101.500201,5.892694],[101.392653,5.851091],[101.318962,5.810086],[101.236642,5.741666],[101.196851,5.666813],[101.122179,5.62989],[101.059805,5.709575],[100.980017,5.760993],[101.015312,5.898349],[101.080424,5.957028],[101.089002,6.046609],[101.052519,6.134562],[101.091018,6.213162],[101.006475,6.246364],[100.910099,6.235796],[100.824574,6.25148],[100.815169,6.344833],[100.796307,6.433949],[100.731505,6.487021],[100.648409,6.447153],[100.517409,6.481905],[100.42651,6.513893],[100.348789,6.54061],[100.280783,6.688921],[100.1992,6.699414],[100.156088,6.620579],[100.145701,6.539524],[100.135572,6.457721],[100.103526,6.533189],[100.001313,6.56745],[99.962901,6.649563],[99.891449,6.725043],[99.82488,6.769599],[99.710704,6.854153],[99.69044,6.935492],[99.67921,7.02676],[99.748057,7.126044],[99.672374,7.170722],[99.583995,7.15644],[99.54005,7.244127],[99.598399,7.342719],[99.524669,7.311347],[99.44516,7.2897],[99.365896,7.336371],[99.347423,7.423489],[99.329845,7.503404],[99.292735,7.620673],[99.230479,7.677802],[99.153087,7.730658],[99.056,7.69892],[99.02768,7.788886],[99.064138,7.878119],[99.007579,7.935126],[98.96046,8.006781],[98.872813,8.016791],[98.800304,8.052436],[98.747406,8.136542],[98.727061,8.253852],[98.648204,8.284857],[98.64796,8.366523],[98.567556,8.367865],[98.491954,8.331285],[98.456554,8.258287],[98.446137,8.175116],[98.356944,8.185004],[98.281423,8.225898],[98.26238,8.312812],[98.242035,8.40648],[98.199474,8.534369],[98.226817,8.610093],[98.22283,8.712388],[98.256521,8.828559],[98.292735,8.924384],[98.364024,8.973944],[98.329845,9.052069],[98.341482,9.141832],[98.370779,9.226467],[98.383311,9.316555],[98.40504,9.396877],[98.443207,9.520819],[98.519867,9.553778],[98.47169,9.621161],[98.513194,9.694892],[98.516368,9.782945],[98.583018,9.842841],[98.583832,9.930325],[98.64796,10.069322],[98.689626,10.162055],[98.725352,10.251614],[98.746267,10.329006],[98.766405,10.4112],[98.790383,10.500265],[98.777257,10.583231],[98.756793,10.666068],[98.81095,10.746632],[98.883607,10.799187],[98.9697,10.823113],[98.979622,10.907656],[99.05507,10.94525],[99.133101,11.033385],[99.206172,11.100021],[99.243275,11.197664],[99.300533,11.28063],[99.364301,11.376723],[99.415874,11.480231],[99.439232,11.57392],[99.5307,11.630919],[99.606871,11.725694],[99.630022,11.815766],[99.561395,11.87292],[99.572867,11.955912],[99.518401,12.025934],[99.539278,12.112285],[99.452255,12.12939],[99.459386,12.217085],[99.432204,12.296408],[99.420629,12.38338],[99.387039,12.465907],[99.407296,12.551483],[99.344458,12.61675],[99.276865,12.665585],[99.21413,12.73465],[99.183227,12.822578],[99.155322,12.904485],[99.151084,12.994789],[99.088349,13.058351],[99.102199,13.151834],[99.172789,13.199506],[99.173409,13.287433],[99.188808,13.407917],[99.152015,13.581963],[99.149534,13.665989],[99.108813,13.762701],[99.089486,13.843911],[99.047628,13.914992],[98.98479,13.990594],[98.945309,14.069142],[98.872342,14.112473],[98.753693,14.200116],[98.706977,14.269983],[98.621504,14.30241],[98.54771,14.377676],[98.478154,14.516505],[98.431335,14.587845],[98.297493,14.721247],[98.243336,14.805118],[98.220392,14.885268],[98.19507,14.977588],[98.168072,15.082771],[98.19073,15.179178],[98.247677,15.240931],[98.317854,15.28899],[98.392268,15.258243],[98.396195,15.347617],[98.474537,15.383481],[98.533551,15.325965],[98.569001,15.402136],[98.54368,15.601504],[98.540269,15.711962],[98.574375,15.835985],[98.568588,15.920166],[98.550088,16.034216],[98.630186,16.060003],[98.679589,16.126149],[98.770332,16.11385],[98.834721,16.167748],[98.883711,16.25875],[98.903348,16.363447],[98.843403,16.438378],[98.788626,16.374557],[98.698399,16.28495],[98.642382,16.373627],[98.631633,16.463131],[98.570448,16.541575],[98.54709,16.620124],[98.491383,16.689732],[98.474537,16.776652],[98.49252,16.857422],[98.480428,16.937262],[98.436193,17.011573],[98.330669,17.046868],[98.268348,17.107742],[98.221012,17.20076],[98.100606,17.302614],[98.076835,17.380026],[98.018234,17.447412],[97.948574,17.522394],[97.768947,17.67918],[97.716857,17.769769],[97.685541,17.880718],[97.747553,17.96092],[97.722128,18.048925],[97.685334,18.131608],[97.629007,18.220853],[97.637585,18.306326],[97.560587,18.328262],[97.486483,18.29214],[97.446486,18.381179],[97.394602,18.48709],[97.509531,18.491276],[97.617948,18.553158],[97.737941,18.570496],[97.752617,18.663436],[97.73577,18.762654],[97.723368,18.851977],[97.661873,18.913782],[97.710449,18.979902],[97.789927,19.082583],[97.815145,19.190561],[97.76967,19.257275],[97.783106,19.33709],[97.800366,19.440778],[97.840984,19.517156],[97.948057,19.602422],[98.013583,19.651747],[98.017924,19.789388],[98.111355,19.77714],[98.205922,19.721485],[98.307312,19.689988],[98.394438,19.686345],[98.474537,19.70531],[98.568278,19.699987],[98.641348,19.744946],[98.730128,19.757296],[98.80785,19.806544],[98.883711,19.745463],[98.973834,19.78807],[99.007631,19.864887],[99.007011,19.962452],[99.036466,20.075158],[99.117495,20.117791],[99.218987,20.110453],[99.295675,20.062497],[99.441403,20.101617],[99.508734,20.152805],[99.486258,20.245484],[99.42962,20.358681],[99.579689,20.321241],[99.671259,20.310131],[99.7696,20.328424],[99.82634,20.401392],[99.932484,20.442733],[99.996718,20.383511],[100.099295,20.317805],[100.134642,20.239102],[100.201718,20.310312],[100.270241,20.391831],[100.364395,20.368965],[100.421601,20.250186],[100.485628,20.178769],[100.550586,20.106526],[100.518546,19.995499],[100.487954,19.896978],[100.43142,19.838273],[100.383516,19.763859],[100.410491,19.684252],[100.447491,19.597771],[100.491829,19.514469],[100.574758,19.508347],[100.714762,19.512454],[100.808451,19.536535],[100.861213,19.602603],[100.974281,19.613481],[101.068228,19.577127],[101.152668,19.568367],[101.238244,19.578186],[101.251731,19.494444],[101.177782,19.417214],[101.201967,19.338666],[101.229872,19.225804],[101.229149,19.143587],[101.291161,19.078992],[101.283926,18.981478],[101.232921,18.892724],[101.228632,18.795624],[101.211269,18.711908],[101.194112,18.616798],[101.142074,18.544296],[101.071949,18.495668],[101.037016,18.410454],[101.145536,18.336246],[101.12838,18.245735],[101.14564,18.141943],[101.165173,18.053421],[101.094893,17.984381],[101.039806,17.912034],[101.000274,17.830489],[100.956401,17.75592],[100.932939,17.654531],[100.886017,17.57376],[100.981515,17.547612],[101.049315,17.495729],[101.124659,17.463948],[101.190288,17.518725],[101.247029,17.592157],[101.357306,17.679025],[101.416993,17.732355],[101.502724,17.765377],[101.564012,17.820309],[101.619874,17.884646],[101.729067,17.912189],[101.75692,17.997817],[101.790407,18.073575],[101.883786,18.030839],[102.055527,18.192345],[102.153537,18.210104],[102.221801,18.131608],[102.306706,18.051457],[102.385151,18.016059],[102.482044,17.971152],[102.567517,17.970842],[102.595577,17.850074],[102.68291,17.810077],[102.722184,17.881804],[102.831893,17.953117],[102.938605,18.008928],[103.020461,17.984226],[103.064799,18.094039],[103.126656,18.151865],[103.1573,18.237027],[103.236727,18.269997],[103.233988,18.35578],[103.306851,18.425672],[103.38664,18.441459],[103.469942,18.421977],[103.607143,18.400403],[103.695562,18.353222],[103.7846,18.343894],[103.848989,18.296352],[103.929294,18.32759],[104.018643,18.299117],[104.068407,18.215401],[104.110937,18.114554],[104.198115,18.025568],[104.255114,17.91498],[104.352627,17.819327],[104.404872,17.739952],[104.452001,17.665951],[104.636383,17.562443],[104.714517,17.515263],[104.764644,17.444414],[104.816423,17.372791],[104.818335,17.240241],[104.745317,17.024802],[104.74634,16.943532],[104.767072,16.85613],[104.778338,16.715828],[104.753016,16.614801],[104.754515,16.528915],[104.838851,16.46773],[104.887737,16.403909],[104.944064,16.330839],[105.015481,16.276734],[105.028865,16.191468],[105.079301,16.105426],[105.237225,16.050804],[105.404915,16.018817],[105.360628,15.919391],[105.412046,15.79976],[105.50341,15.766171],[105.612912,15.72147],[105.650998,15.634602],[105.616271,15.521276],[105.604282,15.439214],[105.5062,15.387589],[105.558032,15.325138],[105.503927,15.231061],[105.447703,15.155303],[105.498294,15.066136],[105.553536,15.005338],[105.550642,14.902296],[105.5062,14.830414],[105.50155,14.745949],[105.495762,14.659881],[105.507544,14.564048],[105.463671,14.495964],[105.415973,14.428164],[105.340836,14.390105],[105.250454,14.357187],[105.155007,14.33047],[105.101419,14.230528],[105.00773,14.243835],[104.978997,14.354965],[104.898175,14.39628],[104.81508,14.419844],[104.727953,14.409948],[104.626564,14.419276],[104.562795,14.368478],[104.481974,14.371217],[104.325394,14.377625],[104.247466,14.401086],[104.148454,14.369615],[104.045724,14.357285],[103.919837,14.364577],[103.838447,14.363388],[103.716542,14.381526],[103.657166,14.441161],[103.581615,14.407416],[103.49485,14.399949],[103.408086,14.380803],[103.273675,14.351063],[103.138231,14.319747],[103.01693,14.238872],[102.934058,14.200969],[102.904085,14.115987],[102.873338,14.033408],[102.797425,13.960002],[102.73717,13.849595],[102.702651,13.771202],[102.57439,13.693894],[102.597747,13.60545],[102.513205,13.567157],[102.371301,13.568914],[102.330115,13.496361],[102.333629,13.406263],[102.328203,13.27516],[102.38205,13.136615],[102.447266,13.050807],[102.468815,12.973395],[102.479202,12.882109],[102.504316,12.799737],[102.477961,12.719638],[102.558628,12.63122],[102.664823,12.534223],[102.718412,12.465907],[102.730659,12.380072],[102.692212,12.178483],[102.751226,12.06097],[102.797115,11.952967],[102.843004,11.866047],[102.9138,11.765536],[102.928787,11.668695],[102.913585,11.645901]]],[[[97.871837,9.379584],[97.871837,9.379584]]],[[[99.698741,9.542222],[99.698741,9.542222]]],[[[99.684255,9.620022],[99.684255,9.620022]]],[[[99.247813,6.574856],[99.174001,6.539008],[99.247813,6.574856]]],[[[99.672374,6.516547],[99.600271,6.583441],[99.629242,6.663642],[99.696044,6.587453],[99.672374,6.516547]]],[[[99.405447,7.266303],[99.405447,7.266303]]],[[[99.034923,7.644273],[99.075938,7.573228],[99.117442,7.479193],[99.031261,7.561916],[99.028087,7.644273],[99.034923,7.644273]]],[[[99.124278,7.657375],[99.124278,7.657375]]],[[[98.540538,8.104926],[98.610362,8.034735],[98.611827,7.926093],[98.568044,7.993354],[98.536876,8.071194],[98.540538,8.104926]]],[[[98.41863,7.903754],[98.398123,7.815009],[98.32309,7.770941],[98.281423,7.855943],[98.258637,7.9383],[98.276134,8.03384],[98.290212,8.130113],[98.373709,8.110907],[98.431895,8.049791],[98.398123,7.972642],[98.41863,7.903754]]],[[[98.637543,8.171291],[98.62086,8.089993],[98.615896,8.176174],[98.637543,8.171291]]],[[[98.295665,9.145168],[98.302013,9.055162],[98.248383,9.143378],[98.295665,9.145168]]],[[[100.07016,9.586412],[100.068614,9.489814],[100.019298,9.425727],[99.936697,9.474555],[99.92628,9.565985],[100.043712,9.564154],[100.07016,9.586412]]],[[[98.411632,9.768297],[98.411632,9.768297]]],[[[100.035411,9.7956],[100.090099,9.665269],[99.999197,9.710354],[99.983572,9.791938],[100.035411,9.7956]]],[[[102.564138,11.707953],[102.591563,11.618598],[102.53004,11.68008],[102.555186,11.759833],[102.564138,11.707953]]],[[[102.399669,12.043158],[102.441173,11.967434],[102.349132,11.968899],[102.2942,12.056789],[102.256358,12.131903],[102.342784,12.123603],[102.399669,12.049302],[102.399669,12.043158]]],[[[97.869965,9.425238],[97.869965,9.425238]]],[[[98.288422,9.004462],[98.270518,8.877183],[98.25587,8.966376],[98.288422,9.004462]]]]}},{"type":"Feature","properties":{"name":"Brunei"},"geometry":{"type":"MultiPolygon","coordinates":[[[[115.146169,4.908515],[115.207365,4.825598],[115.272684,4.636772],[115.267413,4.556209],[115.272478,4.474663],[115.343791,4.371672],[115.255114,4.339245],[115.169952,4.361259],[115.091817,4.405417],[115.079828,4.503964],[115.03549,4.621244],[115.022777,4.741365],[115.066417,4.813544],[115.13087,4.863715],[115.146169,4.908515]]],[[[114.9817,4.889065],[114.932447,4.809139],[114.837672,4.795316],[114.751786,4.738523],[114.768116,4.657495],[114.782172,4.497789],[114.825683,4.426191],[114.828991,4.340486],[114.782585,4.264418],[114.774524,4.146466],[114.674891,4.04407],[114.586628,4.021435],[114.540223,4.086935],[114.477384,4.144968],[114.432529,4.246925],[114.316774,4.262506],[114.289902,4.361311],[114.262617,4.448722],[114.197298,4.515824],[114.118956,4.561635],[113.99879,4.601142],[114.25172,4.592678],[114.395763,4.645738],[114.494477,4.68126],[114.565684,4.743354],[114.722667,4.876044],[114.928396,5.000556],[115.057791,5.054104],[115.032481,4.959418],[114.9817,4.889065]]]]}},{"type":"Feature","properties":{"name":"Philippines"},"geometry":{"type":"MultiPolygon","coordinates":[[[[120.860688,5.574368],[120.897797,5.498521],[120.823741,5.533637],[120.860688,5.574368]]],[[[121.902354,6.033637],[121.804942,6.037177],[121.902354,6.033637]]],[[[125.79127,6.948188],[125.725352,7.004788],[125.674083,7.070217],[125.702159,7.177151],[125.781912,7.135199],[125.781261,6.984849],[125.79127,6.948188]]],[[[122.97169,7.383612],[122.894786,7.326809],[122.816661,7.294908],[122.7942,7.383938],[122.882986,7.397284],[122.97169,7.383612]]],[[[121.252452,9.631171],[121.252452,9.631171]]],[[[125.990245,9.685736],[125.985118,9.605658],[125.938731,9.672756],[125.934825,9.759914],[125.990245,9.685736]]],[[[126.569184,7.301093],[126.582856,7.208645],[126.529633,7.129136],[126.47641,7.06623],[126.451508,6.983547],[126.349457,7.000067],[126.303233,6.918647],[126.343272,6.849189],[126.268321,6.890204],[126.191905,6.925116],[126.192882,6.841702],[126.244314,6.776516],[126.22877,6.616197],[126.226899,6.46894],[126.210216,6.390204],[126.206065,6.299302],[126.141287,6.386176],[126.112966,6.477362],[126.082693,6.639716],[126.096365,6.725043],[126.082693,6.804511],[126.022146,6.866767],[125.976817,6.939602],[125.974783,7.027737],[125.91505,7.085028],[125.850597,7.253892],[125.853201,7.336005],[125.746837,7.307929],[125.676768,7.264635],[125.659353,7.149848],[125.603526,7.054633],[125.509939,7.01557],[125.48463,6.935126],[125.424653,6.849189],[125.388927,6.768297],[125.377615,6.674221],[125.405528,6.588853],[125.508067,6.539496],[125.589854,6.499172],[125.630138,6.366197],[125.658051,6.280015],[125.706554,6.149726],[125.692393,6.060981],[125.667328,5.950141],[125.594574,5.862128],[125.499034,5.726142],[125.436371,5.617662],[125.322765,5.575507],[125.300141,5.671332],[125.237804,5.727973],[125.181163,5.798326],[125.208995,5.876858],[125.264008,5.949937],[125.276703,6.036038],[125.191417,6.09512],[125.112234,5.953355],[125.069102,5.861721],[124.963634,5.858588],[124.837413,5.912258],[124.756114,5.938178],[124.643321,5.985256],[124.561371,6.030015],[124.421886,6.110297],[124.245779,6.18651],[124.176606,6.277818],[124.097911,6.364651],[124.054942,6.43769],[124.034841,6.530585],[124.054942,6.646552],[124.033865,6.73192],[123.982188,6.79682],[123.974864,6.965318],[124.02947,7.115139],[124.129405,7.177558],[124.194591,7.253648],[124.220876,7.346584],[124.176036,7.415717],[124.095225,7.561184],[124.020763,7.63349],[123.910899,7.69892],[123.818126,7.705146],[123.723806,7.7956],[123.614594,7.833523],[123.52296,7.835517],[123.444672,7.801337],[123.497813,7.708808],[123.455414,7.635932],[123.396251,7.578559],[123.402599,7.492092],[123.458669,7.431301],[123.355968,7.410346],[123.289806,7.477607],[123.199474,7.482001],[123.127452,7.53148],[123.187511,7.605862],[123.135427,7.686469],[123.05714,7.667304],[123.04005,7.58161],[123.012218,7.482611],[122.927257,7.538153],[122.876475,7.475979],[122.794444,7.485256],[122.822765,7.564439],[122.799978,7.654202],[122.814708,7.743354],[122.730479,7.760728],[122.651052,7.786078],[122.511485,7.695705],[122.443858,7.608588],[122.46754,7.522854],[122.359874,7.472846],[122.37908,7.391588],[122.333507,7.323879],[122.26588,7.249091],[122.25172,7.164496],[122.202403,7.042629],[122.167328,6.952704],[122.095714,6.897406],[121.961192,6.958197],[121.898936,7.057196],[121.897797,7.140286],[121.933442,7.217922],[122.005382,7.279975],[122.034679,7.36579],[122.046886,7.452541],[122.077647,7.528022],[122.146007,7.588813],[122.122732,7.700385],[122.128917,7.815009],[122.214529,7.921129],[122.263031,7.989814],[122.360037,8.040473],[122.437999,8.066555],[122.522716,8.076361],[122.638438,8.108547],[122.735199,8.115465],[122.855235,8.132473],[122.945323,8.161851],[123.013682,8.232408],[122.958181,8.302395],[122.992035,8.385484],[123.026378,8.462714],[123.160492,8.530666],[123.242035,8.51911],[123.331065,8.546617],[123.363536,8.623277],[123.400076,8.697659],[123.488455,8.692125],[123.539724,8.623765],[123.615489,8.651068],[123.710297,8.633246],[123.777029,8.557359],[123.82838,8.486558],[123.857595,8.40941],[123.869314,8.243313],[123.873302,8.153266],[123.767751,8.059027],[123.684744,8.036811],[123.873709,8.10517],[123.945079,8.150133],[124.036306,8.189846],[124.155772,8.190253],[124.242442,8.225328],[124.260427,8.311916],[124.296235,8.404731],[124.321788,8.514553],[124.371104,8.581366],[124.444591,8.623765],[124.510509,8.575995],[124.58253,8.520697],[124.636485,8.454291],[124.716482,8.479804],[124.753184,8.561713],[124.751475,8.650458],[124.787852,8.733629],[124.787852,8.818996],[124.787852,8.904283],[124.791026,8.990627],[124.87672,9.007392],[124.947276,8.96247],[125.026378,8.918524],[125.093028,8.839789],[125.176443,8.860582],[125.195323,8.960883],[125.191417,9.052069],[125.269298,9.01557],[125.37672,8.99136],[125.462169,8.985175],[125.534516,9.048977],[125.542003,9.189195],[125.521007,9.274848],[125.483735,9.361274],[125.466319,9.439358],[125.440684,9.515937],[125.398692,9.681057],[125.45574,9.812812],[125.540375,9.771064],[125.592621,9.702338],[125.643565,9.611274],[125.722667,9.575507],[125.848969,9.537177],[125.923188,9.494289],[125.910981,9.404934],[125.993907,9.397773],[126.011729,9.29385],[126.075857,9.239488],[126.179373,9.297187],[126.19337,9.216376],[126.178966,9.093004],[126.240245,9.028469],[126.312755,8.956244],[126.331879,8.870022],[126.316905,8.787991],[126.240245,8.735053],[126.173676,8.669094],[126.110525,8.607123],[126.158458,8.527574],[126.240245,8.527574],[126.356944,8.534369],[126.406912,8.470404],[126.356944,8.363715],[126.377615,8.267524],[126.361583,8.187161],[126.459321,8.24018],[126.457286,8.144721],[126.431488,8.0456],[126.434825,7.961819],[126.383474,7.899563],[126.425304,7.815009],[126.487478,7.746731],[126.582856,7.719428],[126.569184,7.62637],[126.600922,7.506415],[126.566417,7.426011],[126.58074,7.320014],[126.569184,7.301093]]],[[[125.295095,9.970649],[125.198741,10.035834],[125.125824,10.129828],[125.216482,10.129625],[125.253429,10.035834],[125.295095,9.970649]]],[[[124.379731,10.691311],[124.300629,10.590074],[124.313731,10.677802],[124.379731,10.691311]]],[[[124.465831,10.713609],[124.5088,10.641547],[124.40919,10.648261],[124.465831,10.713609]]],[[[125.822032,10.734687],[125.740001,10.724433],[125.678966,10.778876],[125.760509,10.740953],[125.822032,10.734687]]],[[[119.632091,11.069892],[119.632091,11.069892]]],[[[119.613129,11.200263],[119.613129,11.200263]]],[[[124.59962,11.563381],[124.592459,11.481635],[124.507091,11.488837],[124.424815,11.529242],[124.386485,11.614488],[124.417979,11.693671],[124.505382,11.693061],[124.567149,11.62523],[124.59962,11.563381]]],[[[124.815196,11.63227],[124.846039,11.548774],[124.773611,11.604926],[124.733409,11.674302],[124.813731,11.655341],[124.815196,11.63227]]],[[[122.297211,18.403876],[122.32016,18.292548],[122.288585,18.218207],[122.213715,18.14997],[122.171886,18.079413],[122.183116,17.996487],[122.140147,17.798285],[122.153168,17.715522],[122.156586,17.619289],[122.193858,17.519192],[122.239594,17.426825],[122.28712,17.360582],[122.381602,17.347398],[122.443614,17.265611],[122.410411,17.175523],[122.480479,17.123481],[122.503917,17.046536],[122.459727,16.912014],[122.422699,16.794338],[122.373383,16.713528],[122.33839,16.631293],[122.286388,16.54682],[122.232188,16.486518],[122.217621,16.394761],[122.191905,16.317369],[122.203868,16.236518],[122.115245,16.168891],[122.073578,16.099921],[121.997895,16.031073],[122.033458,16.117133],[122.092784,16.187323],[122.135265,16.260728],[122.073578,16.205756],[121.954763,16.139146],[121.868175,16.120429],[121.788422,16.077216],[121.684418,16.021145],[121.593272,15.944892],[121.552989,15.852932],[121.574555,15.774359],[121.636567,15.72248],[121.590994,15.640448],[121.495616,15.532457],[121.472911,15.43769],[121.408865,15.377753],[121.391124,15.266262],[121.468435,15.196112],[121.508149,15.062812],[121.560069,14.989651],[121.597341,14.894843],[121.635753,14.811591],[121.712657,14.744371],[121.629161,14.702826],[121.610688,14.612616],[121.647227,14.492255],[121.670177,14.401109],[121.734711,14.328681],[121.758962,14.246568],[121.78004,14.126166],[121.847667,14.078355],[121.917247,14.009508],[122.087901,13.937812],[122.231944,13.90644],[122.183442,13.988959],[122.293305,13.97012],[122.251964,14.067694],[122.170177,14.139635],[122.231944,14.20185],[122.273204,14.132514],[122.331309,14.200263],[122.381358,14.29328],[122.45753,14.336615],[122.575369,14.329291],[122.644298,14.284735],[122.704275,14.345893],[122.784434,14.316962],[122.873302,14.265204],[122.930837,14.20185],[123.002696,14.118883],[123.030528,14.043443],[123.084239,13.97427],[123.087738,13.893459],[123.048839,13.821967],[123.088715,13.741645],[123.214692,13.728949],[123.301768,13.789455],[123.296641,13.869818],[123.331391,13.953355],[123.23463,13.963813],[123.261729,14.042304],[123.335297,14.078762],[123.386241,14.014106],[123.415212,13.929389],[123.538829,13.924954],[123.681407,13.88467],[123.76531,13.864325],[123.876313,13.807318],[123.951915,13.755601],[123.859386,13.742621],[123.797374,13.687974],[123.688162,13.718695],[123.603852,13.722886],[123.528494,13.626776],[123.593598,13.529446],[123.667247,13.485582],[123.722504,13.415188],[123.759288,13.323879],[123.821544,13.242906],[123.756847,13.180976],[123.768077,13.098538],[123.855642,13.118801],[123.936209,13.11758],[124.008149,13.080024],[124.071137,13.016099],[124.12672,13.078681],[124.185802,13.020819],[124.118826,12.925482],[124.142833,12.814399],[124.129405,12.677191],[124.096202,12.60163],[124.042247,12.535834],[123.959972,12.568915],[123.899181,12.635891],[123.84254,12.716213],[123.842052,12.801215],[123.912283,12.842027],[124.002452,12.879706],[124.004893,12.96133],[123.910167,12.971503],[123.839366,12.88817],[123.758311,12.874905],[123.677257,12.884182],[123.571137,12.927965],[123.488048,12.985582],[123.418793,13.039252],[123.330414,13.019029],[123.278982,13.120185],[123.305186,13.198635],[123.247325,13.279202],[123.190929,13.359036],[123.168793,13.449205],[123.065196,13.501776],[122.9817,13.522895],[122.885509,13.593329],[122.814708,13.653795],[122.813731,13.74844],[122.753103,13.810492],[122.665782,13.819485],[122.622732,13.891995],[122.555919,13.937893],[122.459483,13.937893],[122.499766,13.837795],[122.512462,13.735785],[122.497569,13.652045],[122.621755,13.55272],[122.642833,13.457587],[122.672699,13.379299],[122.678884,13.289862],[122.653168,13.200995],[122.570974,13.184556],[122.505056,13.239203],[122.50115,13.368069],[122.402599,13.496161],[122.341319,13.561103],[122.258556,13.592027],[122.186371,13.648017],[122.118419,13.752102],[122.03891,13.789618],[121.94988,13.84455],[121.87086,13.885728],[121.801768,13.933092],[121.724864,13.969143],[121.642263,13.913886],[121.549327,13.87816],[121.4546,13.819241],[121.440766,13.726386],[121.374766,13.667467],[121.298106,13.614895],[121.217784,13.623236],[121.110118,13.632961],[121.048839,13.6883],[121.016287,13.775295],[120.903087,13.692939],[120.928966,13.77025],[120.914887,13.864936],[120.786876,13.923326],[120.704845,13.927436],[120.662283,13.85928],[120.663422,13.775377],[120.620128,13.846625],[120.618419,13.931627],[120.617442,14.01789],[120.619477,14.104234],[120.573497,14.174547],[120.621267,14.253404],[120.697602,14.289496],[120.768321,14.34219],[120.87794,14.458889],[120.970388,14.501899],[120.958832,14.591783],[120.906912,14.706732],[120.843435,14.755683],[120.731619,14.766669],[120.6421,14.787014],[120.621267,14.87287],[120.545177,14.836859],[120.536469,14.723212],[120.582205,14.648261],[120.593923,14.550727],[120.58839,14.466986],[120.509776,14.440823],[120.410167,14.452053],[120.381602,14.568101],[120.326427,14.647528],[120.253184,14.698635],[120.255382,14.787055],[120.220225,14.873358],[120.187266,14.77497],[120.090099,14.794338],[120.056651,14.893256],[120.056814,15.022162],[120.018077,15.206122],[119.980642,15.307807],[119.896983,15.41059],[119.957286,15.491441],[119.92921,15.572984],[119.922374,15.661119],[119.867198,15.743069],[119.891775,15.822984],[119.878917,15.91474],[119.785167,15.928656],[119.757823,16.058987],[119.778331,16.137844],[119.757823,16.216702],[119.781912,16.322252],[119.84962,16.378892],[119.925792,16.34512],[119.901866,16.2508],[119.976248,16.218248],[120.050059,16.180854],[120.100434,16.089748],[120.185313,16.033393],[120.292247,16.055609],[120.365245,16.10871],[120.40211,16.205756],[120.35377,16.291693],[120.312185,16.456204],[120.306651,16.544989],[120.301443,16.633205],[120.325938,16.712592],[120.31365,16.799628],[120.427257,16.9619],[120.416352,17.179348],[120.412364,17.264594],[120.429454,17.347561],[120.401703,17.497016],[120.333832,17.556383],[120.353201,17.678127],[120.416677,17.731024],[120.422618,17.823554],[120.427908,17.916653],[120.472667,17.991604],[120.467052,18.077135],[120.526215,18.204088],[120.566091,18.292222],[120.584972,18.405463],[120.560802,18.486762],[120.627126,18.54149],[120.735362,18.549302],[120.778982,18.621812],[120.865896,18.620307],[120.926931,18.56623],[121.018321,18.617092],[121.106781,18.642727],[121.182628,18.608832],[121.266287,18.554877],[121.364024,18.506415],[121.498302,18.429389],[121.592052,18.384711],[121.649669,18.313951],[121.852794,18.287991],[121.97462,18.286038],[122.078624,18.379462],[122.145763,18.507392],[122.235362,18.515367],[122.260509,18.432278],[122.297211,18.403876]]],[[[120.251964,5.266506],[120.232432,5.150458],[120.145518,5.183295],[120.070974,5.153876],[119.988292,5.127672],[119.914317,5.082017],[119.838145,5.048977],[119.821788,5.130561],[119.901866,5.166897],[119.964854,5.222602],[120.052582,5.258979],[120.124197,5.30565],[120.198578,5.349595],[120.220225,5.269599],[120.251964,5.266506]]],[[[120.588145,6.380764],[120.582856,6.261461],[120.49464,6.249335],[120.542491,6.31802],[120.588145,6.380764]]],[[[122.296723,6.633246],[122.235362,6.571194],[122.198253,6.467597],[122.121755,6.438544],[122.038748,6.410224],[121.95753,6.407294],[121.880056,6.503241],[121.855642,6.583401],[121.822032,6.660956],[121.940196,6.677314],[122.01295,6.729926],[122.098155,6.721584],[122.168712,6.681586],[122.246349,6.65469],[122.296723,6.633246]]],[[[118.537608,7.006293],[118.44516,6.982327],[118.497325,7.044664],[118.537608,7.006293]]],[[[117.084972,8.057847],[117.072765,7.977525],[117.077647,7.884467],[117.023692,7.821845],[116.955821,7.921088],[116.961681,8.061998],[117.058442,8.06981],[117.084972,8.057847]]],[[[117.030528,8.068264],[117.030528,8.068264]]],[[[117.167735,8.178127],[117.167735,8.178127]]],[[[117.32545,8.32274],[117.348888,8.244696],[117.289724,8.184312],[117.27003,8.267524],[117.32545,8.32274]]],[[[117.242849,8.315253],[117.242849,8.315253]]],[[[124.78419,9.199774],[124.802582,9.112494],[124.67213,9.125393],[124.646739,9.218899],[124.746349,9.239488],[124.78419,9.199774]]],[[[123.698009,9.165025],[123.639985,9.098578],[123.561209,9.114244],[123.479503,9.17182],[123.564952,9.226142],[123.614431,9.289252],[123.687511,9.239488],[123.698009,9.165025]]],[[[126.165863,9.829169],[126.120128,9.758938],[126.041677,9.775133],[125.987966,9.839993],[126.044688,9.998725],[126.12672,9.956041],[126.117849,9.866889],[126.165863,9.829169]]],[[[124.565278,9.870754],[124.624034,9.801825],[124.560557,9.732611],[124.462413,9.73078],[124.410492,9.658433],[124.338715,9.618598],[124.221446,9.60578],[124.065196,9.595404],[123.937511,9.617499],[123.863048,9.661851],[123.824474,9.736151],[123.82838,9.842841],[123.882986,9.901801],[123.963878,9.950751],[124.050792,9.979315],[124.086599,10.058783],[124.158702,10.131171],[124.263438,10.151923],[124.34962,10.151028],[124.419119,10.106757],[124.489757,10.062567],[124.577647,10.033922],[124.566173,9.952786],[124.565278,9.870754]]],[[[125.719574,9.911689],[125.620616,9.955227],[125.585216,10.033881],[125.513438,10.072984],[125.517589,10.169379],[125.542003,10.25434],[125.562511,10.353949],[125.617198,10.41942],[125.683849,10.364407],[125.661388,10.270575],[125.653819,10.186591],[125.698497,10.09394],[125.685069,10.014635],[125.707286,9.926215],[125.719574,9.911689]]],[[[119.950206,10.603746],[119.944672,10.520087],[119.880707,10.470364],[119.788585,10.456977],[119.757091,10.534003],[119.828949,10.62641],[119.920095,10.612738],[119.950206,10.603746]]],[[[122.711111,10.734687],[122.737071,10.640041],[122.68686,10.506008],[122.634451,10.444241],[122.547618,10.422512],[122.494802,10.483466],[122.553477,10.54914],[122.564138,10.652574],[122.6338,10.722602],[122.711111,10.734687]]],[[[123.574474,10.830959],[123.533458,10.721096],[123.485688,10.54914],[123.389659,10.437161],[123.344737,10.347968],[123.340343,10.260688],[123.304698,10.178534],[123.290375,10.093573],[123.244151,10.026353],[123.204438,9.939032],[123.156749,9.867621],[123.170421,9.69599],[123.135427,9.618354],[123.180919,9.537421],[123.232595,9.459662],[123.284841,9.379706],[123.328298,9.302558],[123.298595,9.215033],[123.243419,9.136461],[123.160981,9.06566],[123.079926,9.050971],[122.990489,9.048774],[122.933604,9.121487],[122.892589,9.221015],[122.880544,9.305854],[122.811046,9.363593],[122.724783,9.37108],[122.649262,9.409898],[122.57016,9.475246],[122.51588,9.54857],[122.466807,9.623847],[122.430837,9.698798],[122.409841,9.808539],[122.444102,9.921536],[122.537771,9.987047],[122.625987,9.974677],[122.707774,9.986396],[122.782237,10.052965],[122.872813,10.100409],[122.862559,10.185452],[122.869395,10.350531],[122.821788,10.47248],[122.861013,10.54621],[122.933849,10.64883],[122.97169,10.721096],[122.97169,10.806098],[122.993826,10.906724],[123.087738,10.92593],[123.170095,10.9772],[123.259776,10.994818],[123.3296,10.951402],[123.405447,10.919827],[123.502615,10.92772],[123.546641,10.856106],[123.574474,10.830959]]],[[[124.047374,10.834052],[124.020763,10.747748],[124.050792,10.627387],[124.04005,10.484361],[124.009776,10.404039],[123.972911,10.326606],[123.889659,10.282213],[123.808116,10.23664],[123.719493,10.156806],[123.683767,10.083645],[123.643321,9.96011],[123.624766,9.87934],[123.509451,9.65351],[123.488292,9.566474],[123.422699,9.487698],[123.36964,9.425727],[123.31422,9.485541],[123.365245,9.785346],[123.404959,9.878404],[123.387055,9.973782],[123.435395,10.05508],[123.507986,10.122219],[123.581309,10.25434],[123.605479,10.333157],[123.706798,10.461982],[123.719086,10.54914],[123.764985,10.640041],[123.831554,10.725084],[123.915782,10.939765],[123.917735,11.028957],[123.960704,11.130764],[124.018321,11.25849],[124.05128,11.185492],[124.010753,11.09455],[124.061778,10.98428],[124.066905,10.889065],[124.047374,10.834052]]],[[[123.801036,11.179145],[123.708669,11.217841],[123.745779,11.292467],[123.789317,11.19892],[123.801036,11.179145]]],[[[119.671886,10.552558],[119.64796,10.449856],[119.575857,10.38052],[119.489024,10.372463],[119.398123,10.350531],[119.285981,10.261379],[119.237153,10.179348],[119.220714,10.084174],[119.113536,10.028998],[119.02475,10.007961],[118.903005,9.978664],[118.819347,9.939032],[118.750499,9.887519],[118.784679,9.788235],[118.700938,9.775539],[118.716319,9.692572],[118.705821,9.600084],[118.592133,9.446194],[118.536469,9.364325],[118.455089,9.284369],[118.380544,9.220282],[118.294932,9.179267],[118.189138,9.155992],[118.12672,9.096137],[118.089122,9.019761],[118.013682,8.8876],[117.910411,8.829739],[117.840099,8.774482],[117.773692,8.70307],[117.685802,8.67064],[117.588878,8.670966],[117.558116,8.596422],[117.517263,8.517646],[117.378917,8.486314],[117.307628,8.429389],[117.222341,8.363715],[117.223399,8.448065],[117.239594,8.535793],[117.279959,8.604967],[117.342052,8.684272],[117.417735,8.759101],[117.519786,8.899726],[117.622732,8.991848],[117.66863,9.066636],[117.750011,9.069403],[117.789317,9.14232],[117.866466,9.203599],[117.944998,9.25609],[118.02589,9.253811],[118.126964,9.337836],[118.17156,9.407864],[118.216319,9.477973],[118.297699,9.554877],[118.34547,9.636176],[118.415294,9.67772],[118.530528,9.774237],[118.595714,9.857367],[118.657237,9.965237],[118.722504,10.035834],[118.763682,10.120754],[118.801117,10.049018],[118.817719,10.136705],[118.875336,10.21015],[118.958344,10.235256],[119.009451,10.306098],[119.001964,10.397528],[119.084321,10.422797],[119.181814,10.425605],[119.263927,10.494127],[119.309093,10.57453],[119.344981,10.723578],[119.273936,10.771674],[119.237804,10.845404],[119.237071,10.932685],[119.300792,10.873114],[119.351573,10.810736],[119.426117,10.762641],[119.44988,10.841295],[119.370128,10.867743],[119.319102,10.94302],[119.325938,11.022773],[119.334972,11.102932],[119.397146,11.050279],[119.426117,11.133938],[119.428966,11.227525],[119.425548,11.313544],[119.479991,11.396186],[119.529552,11.330552],[119.561046,11.220282],[119.520518,11.138414],[119.561778,11.059027],[119.506602,10.983588],[119.505056,10.89647],[119.531586,10.81981],[119.600108,10.754584],[119.590831,10.672431],[119.668468,10.652167],[119.662771,10.57099],[119.671886,10.552558]]],[[[119.867198,11.51557],[119.853526,11.404731],[119.770844,11.406317],[119.728689,11.478013],[119.812511,11.460354],[119.867198,11.51557]]],[[[125.273936,10.323188],[125.229259,10.25434],[125.14088,10.278795],[125.151052,10.185452],[125.068858,10.267239],[125.041759,10.364203],[125.000173,10.199693],[125.03061,10.09394],[124.942068,10.091702],[124.85963,10.138251],[124.780447,10.151923],[124.785655,10.26553],[124.784841,10.352729],[124.735606,10.420315],[124.746349,10.50137],[124.772309,10.597357],[124.800955,10.67829],[124.778819,10.821438],[124.728363,10.88642],[124.650157,10.970893],[124.562673,10.99433],[124.553559,10.908596],[124.470714,10.902411],[124.396007,10.934068],[124.415375,11.019965],[124.406505,11.108303],[124.404307,11.210761],[124.404307,11.30268],[124.354259,11.379828],[124.311371,11.466783],[124.32602,11.554389],[124.424815,11.46776],[124.480154,11.385199],[124.569672,11.346829],[124.677989,11.30268],[124.794119,11.371527],[124.845714,11.43301],[124.929698,11.421291],[124.982188,11.357896],[124.973969,11.277086],[125.042735,11.217027],[125.041759,11.135403],[125.054454,11.010647],[125.012869,10.844672],[125.013845,10.754584],[125.08725,10.714789],[125.169932,10.619615],[125.185232,10.532375],[125.196544,10.446845],[125.259125,10.383205],[125.273936,10.323188]]],[[[123.170421,11.48078],[123.160899,11.394355],[123.122081,11.30268],[123.118907,11.221503],[123.04127,11.163398],[122.995372,11.078803],[122.924571,11.028957],[122.839122,11.018052],[122.78004,10.956936],[122.798025,10.875434],[122.744802,10.79564],[122.655528,10.787014],[122.594981,10.721096],[122.45102,10.686347],[122.365408,10.672675],[122.2824,10.654039],[122.173595,10.600653],[122.039561,10.46662],[121.949718,10.433173],[121.972179,10.582099],[121.978038,10.710191],[121.939708,10.793606],[121.978038,10.905463],[122.045095,11.017401],[122.053071,11.233791],[122.050059,11.320299],[122.073578,11.477362],[122.107188,11.657945],[122.060232,11.73371],[121.957856,11.755357],[121.864757,11.762641],[121.891449,11.83926],[121.939708,11.922187],[122.02003,11.903144],[122.094412,11.834662],[122.228689,11.79975],[122.300141,11.761949],[122.377208,11.733222],[122.427989,11.668769],[122.512462,11.59809],[122.588145,11.563381],[122.673595,11.560248],[122.755382,11.613837],[122.854991,11.591254],[122.944509,11.522406],[122.875824,11.465644],[122.9817,11.48078],[123.08961,11.52969],[123.156749,11.59809],[123.137869,11.518012],[123.170421,11.48078]]],[[[120.02475,11.892971],[120.039073,11.81037],[120.047048,11.70893],[119.96697,11.664374],[119.990489,11.754788],[119.911876,11.816392],[119.874522,11.892971],[119.904796,11.976874],[119.977061,11.926174],[120.02475,11.892971]]],[[[120.347504,12.029486],[120.262869,11.997748],[120.174571,12.022691],[120.114106,11.967434],[120.039073,11.995307],[119.970551,12.054755],[119.934093,12.134833],[119.89503,12.207668],[119.87794,12.308092],[119.950206,12.271552],[120.048839,12.231147],[120.116954,12.166449],[120.196056,12.112006],[120.224132,12.219184],[120.251964,12.142483],[120.329112,12.09748],[120.319591,12.01789],[120.347504,12.029486]]],[[[122.687511,12.402818],[122.670177,12.317532],[122.591563,12.300116],[122.528819,12.358466],[122.446056,12.396674],[122.444591,12.48371],[122.594249,12.492621],[122.661388,12.439358],[122.687511,12.402818]]],[[[125.712738,11.148749],[125.779633,11.052395],[125.707205,11.088568],[125.651541,11.1494],[125.563813,11.156806],[125.482432,11.127631],[125.397472,11.104682],[125.321625,11.142239],[125.251964,11.094672],[125.208669,11.185045],[125.172374,11.265204],[125.087087,11.285346],[125.000987,11.289781],[125.000173,11.398871],[124.937999,11.462795],[124.85613,11.473049],[124.886404,11.547187],[124.961436,11.576972],[124.994395,11.655666],[125.034434,11.727851],[124.945323,11.746812],[124.833507,11.845364],[124.794932,11.916449],[124.729259,11.977973],[124.640147,12.045356],[124.540375,12.065741],[124.446462,12.153062],[124.390798,12.221869],[124.342133,12.385728],[124.276215,12.533271],[124.358409,12.544908],[124.438487,12.543402],[124.521495,12.535793],[124.67921,12.515937],[124.867931,12.530341],[124.941417,12.562974],[125.028575,12.542548],[125.109141,12.579291],[125.198741,12.550238],[125.272146,12.49901],[125.326345,12.421332],[125.307872,12.341864],[125.370453,12.288967],[125.450694,12.273627],[125.527843,12.211005],[125.479747,12.139838],[125.525157,12.056952],[125.469981,11.986762],[125.44516,11.905951],[125.465099,11.823228],[125.491222,11.737982],[125.466319,11.652737],[125.493663,11.563381],[125.530935,11.491604],[125.576182,11.416693],[125.63795,11.342353],[125.566173,11.268134],[125.599132,11.189114],[125.693614,11.192572],[125.712738,11.148749]]],[[[124.054942,11.799791],[123.974376,11.824937],[123.89031,11.870795],[123.787364,11.926459],[123.711681,11.954413],[123.685395,12.031806],[123.614757,12.079332],[123.560802,12.166653],[123.485362,12.218085],[123.382009,12.145087],[123.32838,12.085273],[123.265961,12.007514],[123.181407,11.930854],[123.190115,12.011664],[123.210216,12.114976],[123.277192,12.164293],[123.23699,12.235175],[123.252289,12.320624],[123.270193,12.400539],[123.231944,12.580634],[123.321137,12.570746],[123.355968,12.495592],[123.434093,12.518622],[123.51295,12.460883],[123.581391,12.413072],[123.643321,12.354722],[123.767345,12.214057],[123.848806,12.200832],[123.951915,12.10456],[124.040294,11.988105],[124.058279,11.87519],[124.054942,11.799791]]],[[[122.279633,12.605455],[122.309825,12.501125],[122.24822,12.559027],[122.279633,12.605455]]],[[[122.115245,12.666327],[122.135753,12.560777],[122.106944,12.459784],[122.080821,12.315497],[122.043224,12.231838],[122.019054,12.10456],[121.958995,12.177802],[121.929698,12.296373],[121.934418,12.380072],[121.993175,12.441799],[121.990896,12.571194],[122.076345,12.627346],[122.115245,12.666327]]],[[[123.787364,12.375556],[123.583181,12.623928],[123.6963,12.628363],[123.735688,12.553697],[123.770518,12.471096],[123.787364,12.375556]]],[[[123.280284,12.864936],[123.36085,12.736518],[123.273448,12.81094],[123.20102,12.848822],[123.109874,12.923896],[123.060557,12.988471],[122.973888,13.018704],[122.944102,13.099555],[123.0171,13.143622],[123.074229,13.084662],[123.122081,13.019761],[123.160167,12.937567],[123.246104,12.90648],[123.280284,12.864936]]],[[[121.526134,12.704495],[121.545665,12.611233],[121.493419,12.549262],[121.438975,12.489244],[121.425304,12.384223],[121.394542,12.307685],[121.303396,12.293402],[121.247813,12.219916],[121.131684,12.241767],[121.101085,12.330512],[121.020518,12.389797],[120.938975,12.493964],[120.929047,12.577582],[120.885916,12.664984],[120.812266,12.72427],[120.781993,12.805569],[120.776703,12.916083],[120.758311,13.002387],[120.696951,13.092108],[120.642345,13.183254],[120.559825,13.228664],[120.479991,13.3015],[120.459727,13.403713],[120.368175,13.383368],[120.306651,13.444322],[120.356619,13.518378],[120.47169,13.511542],[120.555186,13.513495],[120.653331,13.496568],[120.737315,13.468248],[120.888194,13.501858],[120.964366,13.526353],[121.026866,13.421576],[121.108653,13.415961],[121.190278,13.440904],[121.333751,13.310614],[121.3921,13.2355],[121.435557,13.166693],[121.527029,13.140774],[121.50172,13.054267],[121.492442,12.929511],[121.483409,12.831122],[121.495128,12.745429],[121.526134,12.704495]]],[[[122.101573,13.416693],[122.062022,13.29857],[122.0088,13.204779],[121.90919,13.269599],[121.817231,13.341946],[121.814301,13.450507],[121.853852,13.530341],[121.944998,13.528998],[122.033946,13.514635],[122.115245,13.464993],[122.101573,13.416693]]],[[[120.260916,13.711575],[120.182791,13.746731],[120.108246,13.776842],[120.081309,13.852932],[120.164073,13.834906],[120.271739,13.752509],[120.260916,13.711575]]],[[[124.417979,13.872952],[124.398774,13.790432],[124.407481,13.683743],[124.333344,13.572455],[124.251638,13.599189],[124.199392,13.530422],[124.116222,13.578111],[124.048106,13.633368],[124.087169,13.716132],[124.129405,13.818305],[124.135916,13.907294],[124.116222,13.988959],[124.136892,14.078355],[124.23585,14.068061],[124.273936,13.996487],[124.300629,13.920722],[124.417979,13.872952]]],[[[122.104747,14.102607],[122.172699,14.053534],[122.033376,14.092027],[121.96518,14.142971],[121.926606,14.221259],[122.104747,14.102607]]],[[[122.235362,14.797756],[122.135509,14.802558],[122.21697,14.795152],[122.235362,14.797756]]],[[[122.005382,15.010688],[122.003591,14.925238],[121.978038,14.838772],[122.02589,14.736314],[121.984874,14.656928],[121.91033,14.697821],[121.919444,14.810248],[121.881847,14.883694],[121.821788,14.940334],[121.833263,15.035305],[121.927989,15.052232],[122.011241,15.027167],[122.005382,15.010688]]],[[[121.388438,18.902981],[121.46697,18.881781],[121.318614,18.843207],[121.388438,18.902981]]],[[[121.971202,18.984931],[121.942393,18.90998],[121.881033,18.850165],[121.864106,18.934638],[121.902354,19.005357],[121.971202,18.984931]]],[[[121.210948,19.176703],[121.252208,19.081285],[121.208181,19.153795],[121.210948,19.176703]]],[[[121.526134,19.320705],[121.42628,19.296536],[121.349864,19.370307],[121.452403,19.384345],[121.526134,19.334866],[121.526134,19.320705]]],[[[121.977306,19.577379],[121.960948,19.491767],[121.895518,19.546617],[121.977306,19.577379]]],[[[121.841645,20.346015],[121.841645,20.346015]]],[[[122.009776,20.488471],[121.968761,20.413398],[122.009776,20.488471]]],[[[121.877208,20.770331],[121.829845,20.698961],[121.823741,20.786811],[121.877208,20.770331]]],[[[119.483246,4.850898],[119.503591,4.764228],[119.467052,4.666449],[119.462738,4.775784],[119.448497,4.874416],[119.483246,4.850898]]],[[[121.217459,5.820746],[121.13502,5.807074],[121.217459,5.820746]]],[[[121.381602,6.005683],[121.389496,5.909857],[121.302989,5.865139],[121.227794,5.942125],[121.107921,5.903266],[121.008311,5.923774],[120.934093,5.885688],[120.876313,5.942572],[120.943207,6.031155],[121.024181,6.088609],[121.114757,6.09512],[121.202322,6.01317],[121.31658,6.00609],[121.381602,6.005683]]],[[[121.628917,6.657416],[121.623302,6.567532],[121.599294,6.645657],[121.628917,6.657416]]],[[[121.094493,10.895819],[121.062266,10.817572],[121.085785,10.908881],[121.094493,10.895819]]],[[[120.285167,11.930162],[120.266775,11.851549],[120.203298,11.947577],[120.284516,11.949042],[120.285167,11.930162]]],[[[121.406423,12.062445],[121.406423,12.062445]]],[[[119.959727,8.880601],[119.959727,8.880601]]],[[[119.969249,8.880927],[119.969249,8.880927]]],[[[119.965343,8.887193],[119.965343,8.887193]]],[[[119.967784,8.891547],[119.967784,8.891547]]],[[[121.723969,12.913967],[121.723969,12.913967]]],[[[121.088634,13.530341],[121.088634,13.530341]]],[[[121.936697,21.065619],[121.936697,21.065619]]],[[[121.947439,21.116156],[121.947439,21.116156]]],[[[119.830903,4.82095],[119.830903,4.82095]]],[[[119.836925,4.86286],[119.836925,4.86286]]],[[[119.79656,5.057603],[119.79656,5.057603]]],[[[125.418712,5.425482],[125.36378,5.367174],[125.418712,5.425482]]],[[[120.860118,5.703843],[120.860118,5.703843]]],[[[120.904307,5.759101],[120.904307,5.759101]]],[[[123.841319,9.642401],[123.804535,9.560289],[123.726329,9.586982],[123.820649,9.639594],[123.841319,9.642401]]],[[[124.606944,10.140326],[124.550059,10.069037],[124.586274,10.142239],[124.606944,10.140326]]],[[[121.474132,11.866848],[121.474132,11.866848]]],[[[124.206228,12.081244],[124.206228,12.081244]]],[[[121.115977,12.196763],[121.039561,12.251532],[121.110118,12.203111],[121.115977,12.196763]]],[[[124.16863,12.398139],[124.133556,12.470771],[124.181977,12.406928],[124.16863,12.398139]]],[[[124.148611,13.185777],[124.069021,13.203762],[124.178722,13.222968],[124.148611,13.185777]]],[[[124.086274,13.260443],[123.997895,13.228217],[123.921886,13.258694],[124.002452,13.281073],[124.084483,13.267401],[124.086274,13.260443]]],[[[123.89031,13.274075],[123.836762,13.344672],[123.92213,13.329983],[123.89031,13.274075]]],[[[123.801524,13.366034],[123.801524,13.366034]]],[[[122.411794,14.725816],[122.319347,14.683498],[122.396983,14.732245],[122.411794,14.725816]]],[[[120.005056,16.268622],[119.925548,16.295356],[119.991222,16.343573],[120.005056,16.268622]]],[[[123.991649,10.324284],[123.946765,10.245997],[123.980167,10.320109],[123.991649,10.324284]]]]}},{"type":"Feature","properties":{"name":"Singapore"},"geometry":{"type":"Polygon","coordinates":[[[103.960785,1.391099],[103.931895,1.311469],[103.852712,1.277289],[103.755138,1.297105],[103.665294,1.304104],[103.678884,1.399237],[103.762218,1.430976],[103.857188,1.438707],[103.932465,1.401109],[103.960785,1.391099]]]}}]}